X_features	Y_features	association	p-values	q-values	interaction_type
d__Bacteria;p__Actinobacteriota;c__Actinobacteria;o__Bifidobacteriales;f__Bifidobacteriaceae;g__Bifidobacterium	d__Bacteria;p__Actinobacteriota;c__Coriobacteriia;o__Coriobacteriales;f__Coriobacteriaceae;g__Coriobacterium	0.5644048943270299	0.0011586715163316441	0.023905222863261688	genera-genera
d__Bacteria;p__Actinobacteriota;c__Coriobacteriia;o__Coriobacteriales;f__Atopobiaceae;g__Libanicoccus	d__Bacteria;p__Firmicutes;c__Clostridia;o__Lachnospirales;f__Lachnospiraceae;g__Blautia	0.6648492307766216	6.13221655747509e-05	0.0020031907421151907	genera-genera
d__Bacteria;p__Actinobacteriota;c__Coriobacteriia;o__Coriobacteriales;f__Atopobiaceae;g__Olsenella	d__Bacteria;p__Actinobacteriota;c__Coriobacteriia;o__Coriobacteriales;f__Coriobacteriaceae;g__Coriobacterium	0.6244716351501669	0.00022571024030515474	0.00589856094664043	genera-genera
d__Bacteria;p__Actinobacteriota;c__Coriobacteriia;o__Coriobacteriales;f__Atopobiaceae;g__Olsenella	d__Bacteria;p__Firmicutes;c__Clostridia;o__Lachnospirales;f__Lachnospiraceae;g__Lachnoclostridium	0.5548754267707929	0.0014607686988359347	0.02863106649718894	genera-genera
d__Bacteria;p__Actinobacteriota;c__Coriobacteriia;o__Coriobacteriales;f__Atopobiaceae;g__Olsenella	d__Bacteria;p__Firmicutes;c__Clostridia;o__Lachnospirales;f__Lachnospiraceae;g__Oribacterium	0.8611790878754171	1.0136296246798793e-09	5.480591003248492e-08	genera-genera
d__Bacteria;p__Actinobacteriota;c__Coriobacteriia;o__Coriobacteriales;f__Atopobiaceae;g__uncultured	d__Bacteria;p__Firmicutes;c__Clostridia;o__Clostridiales;f__Clostridiaceae;g__Clostridium_sensu_stricto_1	0.6538976149818354	8.89760270657014e-05	0.0027902882087840197	genera-genera
d__Bacteria;p__Actinobacteriota;c__Coriobacteriia;o__Coriobacteriales;f__Atopobiaceae;g__uncultured	d__Bacteria;p__Firmicutes;c__Negativicutes;o__Veillonellales-Selenomonadales;f__Veillonellaceae;g__Allisonella	0.6112409609365077	0.0003329186064022771	0.008031021151364559	genera-genera
d__Bacteria;p__Actinobacteriota;c__Coriobacteriia;o__Coriobacteriales;f__Coriobacteriaceae;g__Collinsella	d__Bacteria;p__Firmicutes;c__Clostridia;o__Oscillospirales;f__Ruminococcaceae;g__Incertae_Sedis	0.5421164205463795	0.001971170940608946	0.03636230629264725	genera-genera
d__Bacteria;p__Actinobacteriota;c__Coriobacteriia;o__Coriobacteriales;f__Coriobacteriaceae;g__Coriobacterium	d__Bacteria;p__Firmicutes;c__Clostridia;o__Lachnospirales;f__Lachnospiraceae;g__Oribacterium	0.5239154616240267	0.002963424204100562	0.04798579185146501	genera-genera
d__Bacteria;p__Actinobacteriota;c__Coriobacteriia;o__Coriobacteriales;f__Coriobacteriaceae;g__Coriobacterium	d__Bacteria;p__Firmicutes;c__Clostridia;o__Lachnospirales;f__Lachnospiraceae;g__[Ruminococcus]_gnavus_group	0.5707610288167699	0.0009889017335980022	0.021024686951246263	genera-genera
d__Bacteria;p__Bacteroidota;c__Bacteroidia;o__Bacteroidales;f__Bacteroidaceae;g__Bacteroides	d__Bacteria;p__Bacteroidota;c__Bacteroidia;o__Bacteroidales;f__Barnesiellaceae;g__Barnesiella	0.5573734864131632	0.0013756042015127257	0.027597987384656797	genera-genera
d__Bacteria;p__Bacteroidota;c__Bacteroidia;o__Bacteroidales;f__Bacteroidaceae;g__Bacteroides	d__Bacteria;p__Bacteroidota;c__Bacteroidia;o__Bacteroidales;f__Muribaculaceae;g__Muribaculaceae	0.6659989281610046	5.8920570646048276e-05	0.0019656905270819536	genera-genera
d__Bacteria;p__Bacteroidota;c__Bacteroidia;o__Bacteroidales;f__Bacteroidaceae;g__Bacteroides	d__Bacteria;p__Bacteroidota;c__Bacteroidia;o__Bacteroidales;f__Prevotellaceae;g__Paraprevotella	0.7387628131273587	3.13674427321331e-06	0.00013662263945457553	genera-genera
d__Bacteria;p__Bacteroidota;c__Bacteroidia;o__Bacteroidales;f__Bacteroidaceae;g__Bacteroides	d__Bacteria;p__Bacteroidota;c__Bacteroidia;o__Bacteroidales;f__Tannerellaceae;g__Parabacteroides	0.730670824412337	4.548341264953848e-06	0.00019275132711893406	genera-genera
d__Bacteria;p__Bacteroidota;c__Bacteroidia;o__Bacteroidales;f__Bacteroidaceae;g__Bacteroides	d__Bacteria;p__Firmicutes;c__Clostridia;o__Lachnospirales;f__Lachnospiraceae;g__[Ruminococcus]_gnavus_group	0.5745438504502531	0.0008985477748781889	0.020127470157274896	genera-genera
d__Bacteria;p__Bacteroidota;c__Bacteroidia;o__Bacteroidales;f__Bacteroidaceae;g__Bacteroides	d__Bacteria;p__Firmicutes;c__Clostridia;o__Oscillospirales;f__Oscillospiraceae;g__Flavonifractor	0.5700934720579198	0.0010056451028974678	0.021024686951246263	genera-genera
d__Bacteria;p__Bacteroidota;c__Bacteroidia;o__Bacteroidales;f__Barnesiellaceae;g__Barnesiella	d__Bacteria;p__Bacteroidota;c__Bacteroidia;o__Bacteroidales;f__Muribaculaceae;g__Muribaculaceae	0.6193606227552362	0.00026281653170467933	0.006541211455761253	genera-genera
d__Bacteria;p__Bacteroidota;c__Bacteroidia;o__Bacteroidales;f__Barnesiellaceae;g__Barnesiella	d__Bacteria;p__Bacteroidota;c__Bacteroidia;o__Bacteroidales;f__Prevotellaceae;g__Alloprevotella	0.6407659268606576	0.00013641690528043426	0.0037526615347367454	genera-genera
d__Bacteria;p__Bacteroidota;c__Bacteroidia;o__Bacteroidales;f__Barnesiellaceae;g__Barnesiella	d__Bacteria;p__Bacteroidota;c__Bacteroidia;o__Bacteroidales;f__Prevotellaceae;g__Paraprevotella	0.6414338552069334	0.00013354751484317973	0.0037393304156152496	genera-genera
d__Bacteria;p__Bacteroidota;c__Bacteroidia;o__Bacteroidales;f__Barnesiellaceae;g__Barnesiella	d__Bacteria;p__Bacteroidota;c__Bacteroidia;o__Bacteroidales;f__Prevotellaceae;g__Prevotella	0.6941229539288791	2.096472475798805e-05	0.0007826830576247445	genera-genera
d__Bacteria;p__Bacteroidota;c__Bacteroidia;o__Bacteroidales;f__Barnesiellaceae;g__Barnesiella	d__Bacteria;p__Bacteroidota;c__Bacteroidia;o__Bacteroidales;f__Tannerellaceae;g__Parabacteroides	0.6805432553433559	3.501124688609636e-05	0.001219947447054004	genera-genera
d__Bacteria;p__Bacteroidota;c__Bacteroidia;o__Bacteroidales;f__Barnesiellaceae;g__Barnesiella	d__Bacteria;p__Firmicutes;c__Clostridia;o__Oscillospirales;f__Oscillospiraceae;g__Colidextribacter	0.5319813981552808	0.00248044996204122	0.04260155453118086	genera-genera
d__Bacteria;p__Bacteroidota;c__Bacteroidia;o__Bacteroidales;f__Barnesiellaceae;g__Barnesiella	d__Bacteria;p__Firmicutes;c__Clostridia;o__Oscillospirales;f__Oscillospiraceae;g__Flavonifractor	0.6532339226578072	9.096287534804404e-05	0.0027966625205055884	genera-genera
d__Bacteria;p__Bacteroidota;c__Bacteroidia;o__Bacteroidales;f__Barnesiellaceae;g__Coprobacter	d__Bacteria;p__Bacteroidota;c__Bacteroidia;o__Bacteroidales;f__Prevotellaceae;g__Paraprevotella	0.6455783360453107	0.00011691196731877795	0.0033947771251172654	genera-genera
d__Bacteria;p__Bacteroidota;c__Bacteroidia;o__Bacteroidales;f__Barnesiellaceae;g__Coprobacter	d__Bacteria;p__Firmicutes;c__Clostridia;o__Oscillospirales;f__Oscillospiraceae;g__Colidextribacter	0.697848147943287	1.8125650144362737e-05	0.0007287440878473994	genera-genera
d__Bacteria;p__Bacteroidota;c__Bacteroidia;o__Bacteroidales;f__Barnesiellaceae;g__Coprobacter	d__Bacteria;p__Firmicutes;c__Clostridia;o__Oscillospirales;f__Oscillospiraceae;g__Flavonifractor	0.5464470870666482	0.0017828886042061676	0.0345132016221652	genera-genera
d__Bacteria;p__Bacteroidota;c__Bacteroidia;o__Bacteroidales;f__Muribaculaceae;g__Muribaculaceae	d__Bacteria;p__Bacteroidota;c__Bacteroidia;o__Bacteroidales;f__Prevotellaceae;g__Alloprevotella	0.6886415791036482	2.587057255576397e-05	0.0009433734364563406	genera-genera
d__Bacteria;p__Bacteroidota;c__Bacteroidia;o__Bacteroidales;f__Muribaculaceae;g__Muribaculaceae	d__Bacteria;p__Bacteroidota;c__Bacteroidia;o__Bacteroidales;f__Prevotellaceae;g__Paraprevotella	0.644989008112602	0.00011915889653391076	0.0033971118139066725	genera-genera
d__Bacteria;p__Bacteroidota;c__Bacteroidia;o__Bacteroidales;f__Muribaculaceae;g__Muribaculaceae	d__Bacteria;p__Bacteroidota;c__Bacteroidia;o__Bacteroidales;f__Prevotellaceae;g__Prevotella	0.5349071884218937	0.00232291999155132	0.04139021075854776	genera-genera
d__Bacteria;p__Bacteroidota;c__Bacteroidia;o__Bacteroidales;f__Muribaculaceae;g__Muribaculaceae	d__Bacteria;p__Bacteroidota;c__Bacteroidia;o__Bacteroidales;f__Tannerellaceae;g__Parabacteroides	0.6778757208810342	3.8601432871043784e-05	0.0013158053639581446	genera-genera
d__Bacteria;p__Bacteroidota;c__Bacteroidia;o__Bacteroidales;f__Muribaculaceae;g__Muribaculaceae	d__Bacteria;p__Firmicutes;c__Clostridia;o__Lachnospirales;f__Lachnospiraceae;g__Oribacterium	0.5453130642147443	0.0018306167574948518	0.035004964338440914	genera-genera
d__Bacteria;p__Bacteroidota;c__Bacteroidia;o__Bacteroidales;f__Muribaculaceae;g__Muribaculaceae	d__Bacteria;p__Firmicutes;c__Clostridia;o__Oscillospirales;f__Oscillospiraceae;g__Flavonifractor	0.7768375898814761	4.475550072768897e-07	2.193019534724172e-05	genera-genera
d__Bacteria;p__Bacteroidota;c__Bacteroidia;o__Bacteroidales;f__Prevotellaceae;g__Alloprevotella	d__Bacteria;p__Bacteroidota;c__Bacteroidia;o__Bacteroidales;f__Prevotellaceae;g__Paraprevotella	0.570442911195193	0.0009968499769672512	0.021024686951246263	genera-genera
d__Bacteria;p__Bacteroidota;c__Bacteroidia;o__Bacteroidales;f__Prevotellaceae;g__Alloprevotella	d__Bacteria;p__Bacteroidota;c__Bacteroidia;o__Bacteroidales;f__Prevotellaceae;g__Prevotella	0.8013797757411263	1.0320591448120808e-07	5.220221728219343e-06	genera-genera
d__Bacteria;p__Bacteroidota;c__Bacteroidia;o__Bacteroidales;f__Prevotellaceae;g__Alloprevotella	d__Bacteria;p__Bacteroidota;c__Bacteroidia;o__Bacteroidales;f__Tannerellaceae;g__Parabacteroides	0.6963391608703096	1.9231146560549917e-05	0.0007470596228094095	genera-genera
d__Bacteria;p__Bacteroidota;c__Bacteroidia;o__Bacteroidales;f__Prevotellaceae;g__Alloprevotella	d__Bacteria;p__Firmicutes;c__Clostridia;o__Oscillospirales;f__Oscillospiraceae;g__Flavonifractor	0.7667482750945918	7.765641414358981e-07	3.689856285093995e-05	genera-genera
d__Bacteria;p__Bacteroidota;c__Bacteroidia;o__Bacteroidales;f__Prevotellaceae;g__Alloprevotella	d__Bacteria;p__Proteobacteria;c__Gammaproteobacteria;o__Aeromonadales;f__Succinivibrionaceae;g__Anaerobiospirillum	0.6553106862241984	8.487417328062463e-05	0.0027159735449804323	genera-genera
d__Bacteria;p__Bacteroidota;c__Bacteroidia;o__Bacteroidales;f__Prevotellaceae;g__Alloprevotella	d__Bacteria;p__Proteobacteria;c__Gammaproteobacteria;o__Burkholderiales;f__Sutterellaceae;g__Sutterella	0.7007234322753559	1.6176006910395557e-05	0.0006674731272520162	genera-genera
d__Bacteria;p__Bacteroidota;c__Bacteroidia;o__Bacteroidales;f__Prevotellaceae;g__Paraprevotella	d__Bacteria;p__Bacteroidota;c__Bacteroidia;o__Bacteroidales;f__Prevotellaceae;g__Prevotella	0.5714921588734274	0.0009708439380444744	0.021024686951246263	genera-genera
d__Bacteria;p__Bacteroidota;c__Bacteroidia;o__Bacteroidales;f__Prevotellaceae;g__Paraprevotella	d__Bacteria;p__Bacteroidota;c__Bacteroidia;o__Bacteroidales;f__Tannerellaceae;g__Parabacteroides	0.8554578889055513	1.7193322321418236e-09	8.986375510389166e-08	genera-genera
d__Bacteria;p__Bacteroidota;c__Bacteroidia;o__Bacteroidales;f__Prevotellaceae;g__Paraprevotella	d__Bacteria;p__Firmicutes;c__Clostridia;o__Clostridiales;f__Clostridiaceae;g__Clostridium_sensu_stricto_1	-0.5261107596320362	0.0028245636777857186	0.04662016680808545	genera-genera
d__Bacteria;p__Bacteroidota;c__Bacteroidia;o__Bacteroidales;f__Prevotellaceae;g__Paraprevotella	d__Bacteria;p__Firmicutes;c__Clostridia;o__Oscillospirales;f__Oscillospiraceae;g__Colidextribacter	0.528684681427773	0.002668932507369437	0.044520065654842345	genera-genera
d__Bacteria;p__Bacteroidota;c__Bacteroidia;o__Bacteroidales;f__Prevotellaceae;g__Paraprevotella	d__Bacteria;p__Firmicutes;c__Clostridia;o__Oscillospirales;f__Oscillospiraceae;g__Flavonifractor	0.7409303360783444	2.83309703918988e-06	0.00012692274735393028	genera-genera
d__Bacteria;p__Bacteroidota;c__Bacteroidia;o__Bacteroidales;f__Prevotellaceae;g__Prevotella	d__Bacteria;p__Bacteroidota;c__Bacteroidia;o__Bacteroidales;f__Tannerellaceae;g__Parabacteroides	0.5936804628393415	0.0005434104046209143	0.012910113855232108	genera-genera
d__Bacteria;p__Bacteroidota;c__Bacteroidia;o__Bacteroidales;f__Prevotellaceae;g__Prevotella	d__Bacteria;p__Firmicutes;c__Clostridia;o__Oscillospirales;f__Oscillospiraceae;g__Flavonifractor	0.6184488744194918	0.00026997530991890173	0.006614395093012426	genera-genera
d__Bacteria;p__Bacteroidota;c__Bacteroidia;o__Bacteroidales;f__Rikenellaceae;g__Alistipes	d__Bacteria;p__Firmicutes;c__Bacilli;o__Lactobacillales;f__Leuconostocaceae;g__Leuconostoc	0.5316370973846603	0.0024995810056558376	0.04260155453118086	genera-genera
d__Bacteria;p__Bacteroidota;c__Bacteroidia;o__Bacteroidales;f__Tannerellaceae;g__Parabacteroides	d__Bacteria;p__Firmicutes;c__Clostridia;o__Oscillospirales;f__Oscillospiraceae;g__Colidextribacter	0.5765207407821875	0.0008542695407500744	0.01941296579559726	genera-genera
d__Bacteria;p__Bacteroidota;c__Bacteroidia;o__Bacteroidales;f__Tannerellaceae;g__Parabacteroides	d__Bacteria;p__Firmicutes;c__Clostridia;o__Oscillospirales;f__Oscillospiraceae;g__Flavonifractor	0.7562034095996522	1.3427889662409598e-06	6.192626762890896e-05	genera-genera
d__Bacteria;p__Cyanobacteria;c__Vampirivibrionia;o__Gastranaerophilales;f__Gastranaerophilales;g__Gastranaerophilales	d__Bacteria;p__Desulfobacterota;c__Desulfovibrionia;o__Desulfovibrionales;f__Desulfovibrionaceae;g__Bilophila	-0.5238367734312428	0.0029685088071378374	0.04798579185146501	genera-genera
d__Bacteria;p__Cyanobacteria;c__Vampirivibrionia;o__Gastranaerophilales;f__Gastranaerophilales;g__Gastranaerophilales	d__Bacteria;p__Verrucomicrobiota;c__Verrucomicrobiae;o__Verrucomicrobiales;f__Akkermansiaceae;g__Akkermansia	0.5324261802617878	0.002455923060264986	0.04260155453118086	genera-genera
d__Bacteria;p__Desulfobacterota;c__Desulfovibrionia;o__Desulfovibrionales;f__Desulfovibrionaceae;g__Bilophila	d__Bacteria;p__Firmicutes;c__Bacilli;o__Staphylococcales;f__Gemellaceae;g__Gemella	-0.5429149568309484	0.0019352112379191766	0.03636230629264725	genera-genera
d__Bacteria;p__Firmicutes;c__Bacilli;o__Lactobacillales;f__Enterococcaceae;g__Enterococcus	d__Bacteria;p__Firmicutes;c__Clostridia;o__Clostridiales;f__Clostridiaceae;g__Clostridium_sensu_stricto_1	0.5363082676251656	0.00225059894274926	0.040562518876219755	genera-genera
d__Bacteria;p__Firmicutes;c__Bacilli;o__Lactobacillales;f__Enterococcaceae;g__Enterococcus	d__Bacteria;p__Proteobacteria;c__Gammaproteobacteria;o__Enterobacterales;f__Hafniaceae;g__Hafnia-Obesumbacterium	0.621959631866674	0.00024332309653374296	0.006254600251882181	genera-genera
d__Bacteria;p__Firmicutes;c__Bacilli;o__Lactobacillales;f__Streptococcaceae;g__Streptococcus	d__Bacteria;p__Firmicutes;c__Clostridia;o__Clostridiales;f__Clostridiaceae;g__Clostridium_sensu_stricto_1	0.6367698699932758	0.00015475779352769337	0.004183796900891323	genera-genera
d__Bacteria;p__Firmicutes;c__Clostridia;o__Clostridiales;f__Clostridiaceae;g__Clostridium_sensu_stricto_1	d__Bacteria;p__Proteobacteria;c__Gammaproteobacteria;o__Enterobacterales;f__Hafniaceae;g__Hafnia-Obesumbacterium	0.6878413401265515	2.6667028457882935e-05	0.0009503159232324698	genera-genera
d__Bacteria;p__Firmicutes;c__Clostridia;o__Eubacteriales;f__Eubacteriaceae;g__Eubacterium	d__Bacteria;p__Firmicutes;c__Clostridia;o__Lachnospirales;f__Lachnospiraceae;g__Tyzzerella	0.6959392728872995	1.953408452504135e-05	0.0007470596228094095	genera-genera
d__Bacteria;p__Firmicutes;c__Clostridia;o__Eubacteriales;f__Eubacteriaceae;g__Eubacterium	d__Bacteria;p__Proteobacteria;c__Alphaproteobacteria;o__Rhodospirillales;f__uncultured;g__uncultured	0.6487182723376166	0.00010556402814154708	0.0031231018136956834	genera-genera
d__Bacteria;p__Firmicutes;c__Clostridia;o__Lachnospirales;f__Lachnospiraceae;g__Blautia	d__Bacteria;p__Firmicutes;c__Clostridia;o__Lachnospirales;f__Lachnospiraceae;g__Lachnoclostridium	0.5599025156227926	0.0012938214069979637	0.026346908651595502	genera-genera
d__Bacteria;p__Firmicutes;c__Clostridia;o__Lachnospirales;f__Lachnospiraceae;g__GCA-900066575	d__Bacteria;p__Patescibacteria;c__Saccharimonadia;o__Saccharimonadales;f__Saccharimonadales;g__Saccharimonadales	0.5707264849817566	0.0009897621295191783	0.021024686951246263	genera-genera
d__Bacteria;p__Firmicutes;c__Clostridia;o__Lachnospirales;f__Lachnospiraceae;g__Lachnoclostridium	d__Bacteria;p__Firmicutes;c__Clostridia;o__Lachnospirales;f__Lachnospiraceae;g__Oribacterium	0.5308085407903729	0.0025461429778164124	0.04292851816361498	genera-genera
d__Bacteria;p__Firmicutes;c__Clostridia;o__Lachnospirales;f__Lachnospiraceae;g__Lachnospiraceae_NK4A136_group	d__Bacteria;p__Firmicutes;c__Clostridia;o__Lachnospirales;f__Lachnospiraceae;g__Syntrophococcus	-0.5424206214201437	0.0019574044463417373	0.03636230629264725	genera-genera
d__Bacteria;p__Firmicutes;c__Clostridia;o__Lachnospirales;f__Lachnospiraceae;g__Oribacterium	d__Bacteria;p__Firmicutes;c__Clostridia;o__Oscillospirales;f__Oscillospiraceae;g__Flavonifractor	0.5892300991449537	0.0006125379302233114	0.014335216038664278	genera-genera
d__Bacteria;p__Firmicutes;c__Clostridia;o__Oscillospirales;f__Oscillospiraceae;g__Colidextribacter	d__Bacteria;p__Firmicutes;c__Clostridia;o__Oscillospirales;f__Oscillospiraceae;g__Flavonifractor	0.533363306927134	0.0024049315769536506	0.04237003047936172	genera-genera
d__Bacteria;p__Firmicutes;c__Clostridia;o__Oscillospirales;f__Oscillospiraceae;g__Flavonifractor	d__Bacteria;p__Proteobacteria;c__Gammaproteobacteria;o__Burkholderiales;f__Sutterellaceae;g__Sutterella	0.5569282171387995	0.0013904598235892074	0.027597987384656797	genera-genera
d__Bacteria;p__Firmicutes;c__Clostridia;o__Oscillospirales;f__Ruminococcaceae;g__Incertae_Sedis	d__Bacteria;p__Fusobacteriota;c__Fusobacteriia;o__Fusobacteriales;f__Fusobacteriaceae;g__Fusobacterium	0.5369711000412822	0.0022170692175658147	0.04042284340863933	genera-genera
d__Bacteria;p__Firmicutes;c__Clostridia;o__Oscillospirales;f__Ruminococcaceae;g__Subdoligranulum	d__Bacteria;p__Verrucomicrobiota;c__Verrucomicrobiae;o__Verrucomicrobiales;f__Akkermansiaceae;g__Akkermansia	0.5807319673297404	0.000766266600678911	0.017669206321538233	genera-genera
d__Bacteria;p__Firmicutes;c__Negativicutes;o__Veillonellales-Selenomonadales;f__Selenomonadaceae;g__Megamonas	d__Bacteria;p__Firmicutes;c__Negativicutes;o__Veillonellales-Selenomonadales;f__Veillonellaceae;g__Megasphaera	0.6213570634037819	0.00024772477521617375	0.006265039476440304	genera-genera
d__Bacteria;p__Patescibacteria;c__Saccharimonadia;o__Saccharimonadales;f__Saccharimonadales;g__Saccharimonadales	d__Bacteria;p__Proteobacteria;c__Alphaproteobacteria;o__Rhodospirillales;f__uncultured;g__uncultured	0.6338407874620531	0.00016956061633344177	0.004506288922220492	genera-genera
d__Bacteria;p__Proteobacteria;c__Gammaproteobacteria;o__Aeromonadales;f__Succinivibrionaceae;g__Anaerobiospirillum	d__Bacteria;p__Proteobacteria;c__Gammaproteobacteria;o__Burkholderiales;f__Sutterellaceae;g__Sutterella	0.6498163150646405	0.00010183365092375496	0.0030706762432406443	genera-genera
AGPKZVBTJJNPAG-WHFBIAKZSA-N	COLNVLDHVKWLRT-QMMMGPOBSA-N	0.6347052280311458	0.00016506646788982948	0.0008341066367449912	metabolite-metabolite
AGPKZVBTJJNPAG-WHFBIAKZSA-N	KDXKERNSBIXSRK-YFKPBYRVSA-N	0.45272525027808674	0.01200104895060461	0.03185618752856767	metabolite-metabolite
AGPKZVBTJJNPAG-WHFBIAKZSA-N	KZSNJWFQEVHDMF-BYPYZUCNSA-N	0.8313681868743048	1.271875627040231e-08	1.915369112204246e-07	metabolite-metabolite
AGPKZVBTJJNPAG-WHFBIAKZSA-N	OUYCCCASQSFEME-QMMMGPOBSA-N	0.5359288097886541	0.0022699907968211086	0.00808584543785651	metabolite-metabolite
AGPKZVBTJJNPAG-WHFBIAKZSA-N	ROHFNLRQFUQHCH-YFKPBYRVSA-N	0.9167964404894322	1.1155520951433573e-12	3.327471631564549e-11	metabolite-metabolite
AHLPHDHHMVZTML-BYPYZUCNSA-N	FFEARJCKVFRZRR-BYPYZUCNSA-N	0.5261986905405536	0.0028191206515031375	0.009679193026943977	metabolite-metabolite
AHLPHDHHMVZTML-BYPYZUCNSA-N	KDXKERNSBIXSRK-YFKPBYRVSA-N	0.5660251453425658	0.0011131439726246306	0.004539120596145807	metabolite-metabolite
AHLPHDHHMVZTML-BYPYZUCNSA-N	OUYCCCASQSFEME-QMMMGPOBSA-N	0.5497830715964938	0.001648692433747101	0.006316526931308353	metabolite-metabolite
AHLPHDHHMVZTML-BYPYZUCNSA-N	QNAYBMKLOCPYGJ-REOHCLBHSA-N	0.6151963549025918	0.000296939149238451	0.001442953501570976	metabolite-metabolite
AWDRATDZQPNJFN-VAYUFCLWSA-N	AYFVYJQAPQTCCC-GBXIJSLDSA-N	-0.4602892102335927	0.010483454586281304	0.02852474852546294	metabolite-metabolite
AWDRATDZQPNJFN-VAYUFCLWSA-N	BHQCQFFYRZLCQQ-OELDTZBJSA-N	0.8691879866518355	4.6452131030605415e-10	9.175802784255893e-09	metabolite-metabolite
AWDRATDZQPNJFN-VAYUFCLWSA-N	BHTRKEVKTKCXOH-BJLOMENOSA-N	0.9555061179087874	4.440892098500626e-16	8.43769498715119e-15	metabolite-metabolite
AWDRATDZQPNJFN-VAYUFCLWSA-N	BTCSSZJGUNDROE-UHFFFAOYSA-N	0.7334816462736375	4.003579418654368e-06	2.9136097110082915e-05	metabolite-metabolite
AWDRATDZQPNJFN-VAYUFCLWSA-N	COLNVLDHVKWLRT-QMMMGPOBSA-N	0.4558398220244717	0.011355265245927892	0.03046094962796575	metabolite-metabolite
AWDRATDZQPNJFN-VAYUFCLWSA-N	DKPMWHFRUGMUKF-GDYCBZMLSA-N	0.879421579532814	1.5858070412377856e-10	3.600019393701359e-09	metabolite-metabolite
AWDRATDZQPNJFN-VAYUFCLWSA-N	DKPMWHFRUGMUKF-KWXDGCAGSA-N	0.5070077864293658	0.004244226903126425	0.013590461304537449	metabolite-metabolite
AWDRATDZQPNJFN-VAYUFCLWSA-N	FERIUCNNQQJTOY-UHFFFAOYSA-N	0.6093437152391545	0.00035150389505300694	0.0016450382288488719	metabolite-metabolite
AWDRATDZQPNJFN-VAYUFCLWSA-N	GHCZAUBVMUEKKP-GYPHWSFCSA-N	0.8383220674048486	7.381631306202507e-09	1.1574701996863723e-07	metabolite-metabolite
AWDRATDZQPNJFN-VAYUFCLWSA-N	HNDVDQJCIGZPNO-YFKPBYRVSA-N	0.7664071190211343	7.907931944828306e-07	6.719533233390251e-06	metabolite-metabolite
AWDRATDZQPNJFN-VAYUFCLWSA-N	KDXKERNSBIXSRK-YFKPBYRVSA-N	-0.5083426028921023	0.004128256890679527	0.013388227570839906	metabolite-metabolite
AWDRATDZQPNJFN-VAYUFCLWSA-N	KXGVEGMKQFWNSR-LLQZFEROSA-N	0.5025583982202448	0.0046511706723531	0.014646854229086514	metabolite-metabolite
AWDRATDZQPNJFN-VAYUFCLWSA-N	MTCFGRXMJLQNBG-REOHCLBHSA-N	-0.6760845383759733	4.1193695031527255e-05	0.0002457082750706441	metabolite-metabolite
AWDRATDZQPNJFN-VAYUFCLWSA-N	ONIBWKKTOPOVIA-BYPYZUCNSA-N	-0.44916573971078977	0.012776467460765772	0.03367938822846561	metabolite-metabolite
AWDRATDZQPNJFN-VAYUFCLWSA-N	QBYUNVOYXHFVKC-GBURMNQMSA-N	0.9185761957730811	8.335554468885675e-13	2.587530190112375e-11	metabolite-metabolite
AWDRATDZQPNJFN-VAYUFCLWSA-N	QIVBCDIJIAJPQS-VIFPVBQESA-N	0.8015572858731925	1.0204233591437628e-07	1.1328933786636242e-06	metabolite-metabolite
AWDRATDZQPNJFN-VAYUFCLWSA-N	QNAYBMKLOCPYGJ-REOHCLBHSA-N	-0.42825361512791993	0.01822564066251875	0.04566919184133633	metabolite-metabolite
AWDRATDZQPNJFN-VAYUFCLWSA-N	RFDAIACWWDREDC-FRVQLJSFSA-N	0.8625139043381536	8.930536310458592e-10	1.636547519723308e-08	metabolite-metabolite
AWDRATDZQPNJFN-VAYUFCLWSA-N	RUDATBOHQWOJDD-BSWAIDMHSA-N	0.8798665183537264	1.510116476310941e-10	3.533674686195809e-09	metabolite-metabolite
AWDRATDZQPNJFN-VAYUFCLWSA-N	WBWWGRHZICKQGZ-HZAMXZRMSA-N	0.931924360400445	7.37188088351104e-14	2.6143531783873186e-12	metabolite-metabolite
AWDRATDZQPNJFN-VAYUFCLWSA-N	WHUUTDBJXJRKMK-VKHMYHEASA-N	0.5648498331479423	0.0011460101483296015	0.004648217161624224	metabolite-metabolite
AWDRATDZQPNJFN-VAYUFCLWSA-N	WVULKSPCQVQLCU-BUXLTGKBSA-N	0.4322580645161289	0.017054947032249856	0.04330646817370942	metabolite-metabolite
AWDRATDZQPNJFN-VAYUFCLWSA-N	XBDQKXXYIPTUBI-UHFFFAOYSA-N	0.6378197997775308	0.0001497382502377853	0.0007668413421262343	metabolite-metabolite
AWDRATDZQPNJFN-VAYUFCLWSA-N	XOAAWQZATWQOTB-UHFFFAOYSA-N	0.8220244716351504	2.5450487495248808e-08	3.551393721323848e-07	metabolite-metabolite
AWDRATDZQPNJFN-VAYUFCLWSA-N	ZDXPYRJPNDTMRX-VKHMYHEASA-N	0.7121245828698552	1.0165947453177893e-05	6.57974726649968e-05	metabolite-metabolite
AYFVYJQAPQTCCC-GBXIJSLDSA-N	BHQCQFFYRZLCQQ-OELDTZBJSA-N	-0.5844271412680757	0.0006957002240239873	0.00303197719409809	metabolite-metabolite
AYFVYJQAPQTCCC-GBXIJSLDSA-N	BTCSSZJGUNDROE-UHFFFAOYSA-N	-0.525250278086763	0.002878308555871456	0.009793976092797418	metabolite-metabolite
AYFVYJQAPQTCCC-GBXIJSLDSA-N	DHMQDGOQFOQNFH-UHFFFAOYSA-N	0.5394883203559511	0.0020936412003753624	0.007636518622951893	metabolite-metabolite
AYFVYJQAPQTCCC-GBXIJSLDSA-N	DKPMWHFRUGMUKF-GDYCBZMLSA-N	-0.5221357063403782	0.00308027959120194	0.010296934633446941	metabolite-metabolite
AYFVYJQAPQTCCC-GBXIJSLDSA-N	GHCZAUBVMUEKKP-GYPHWSFCSA-N	-0.5412262457999981	0.0020119387065391514	0.007445641782593881	metabolite-metabolite
AYFVYJQAPQTCCC-GBXIJSLDSA-N	KDXKERNSBIXSRK-YFKPBYRVSA-N	0.7855394883203561	2.718714045002457e-07	2.6338624583566173e-06	metabolite-metabolite
AYFVYJQAPQTCCC-GBXIJSLDSA-N	MTCFGRXMJLQNBG-REOHCLBHSA-N	0.5403781979977751	0.0020514547662182636	0.007518705299802697	metabolite-metabolite
AYFVYJQAPQTCCC-GBXIJSLDSA-N	ONIBWKKTOPOVIA-BYPYZUCNSA-N	0.8358175750834262	9.005531431682812e-09	1.3835771284220755e-07	metabolite-metabolite
AYFVYJQAPQTCCC-GBXIJSLDSA-N	QBYUNVOYXHFVKC-GBURMNQMSA-N	-0.49276974416017794	0.005665294690924583	0.01719942759460391	metabolite-metabolite
AYFVYJQAPQTCCC-GBXIJSLDSA-N	QIVBCDIJIAJPQS-VIFPVBQESA-N	-0.42691879866518345	0.018630337621955206	0.04622633527405151	metabolite-metabolite
AYFVYJQAPQTCCC-GBXIJSLDSA-N	QNAYBMKLOCPYGJ-REOHCLBHSA-N	0.7939933259176861	1.638192750341716e-07	1.6722759568210677e-06	metabolite-metabolite
AYFVYJQAPQTCCC-GBXIJSLDSA-N	RFDAIACWWDREDC-FRVQLJSFSA-N	-0.611568409343715	0.00032980033009177845	0.0015530226070268327	metabolite-metabolite
AYFVYJQAPQTCCC-GBXIJSLDSA-N	RUDATBOHQWOJDD-BSWAIDMHSA-N	-0.47274749721913234	0.008336015221846793	0.02369921336902614	metabolite-metabolite
AYFVYJQAPQTCCC-GBXIJSLDSA-N	WBWWGRHZICKQGZ-HZAMXZRMSA-N	-0.5412680756395996	0.002010006772955819	0.007445641782593881	metabolite-metabolite
AYFVYJQAPQTCCC-GBXIJSLDSA-N	WVULKSPCQVQLCU-BUXLTGKBSA-N	-0.5056729699666296	0.0043629763065173854	0.013912131996253851	metabolite-metabolite
AYFVYJQAPQTCCC-GBXIJSLDSA-N	XOAAWQZATWQOTB-UHFFFAOYSA-N	-0.5047830923248053	0.004443713226187196	0.014110412979186915	metabolite-metabolite
BHQCQFFYRZLCQQ-OELDTZBJSA-N	BHTRKEVKTKCXOH-BJLOMENOSA-N	0.8215795328142379	2.6278827558456896e-08	3.600909588286072e-07	metabolite-metabolite
BHQCQFFYRZLCQQ-OELDTZBJSA-N	BTCSSZJGUNDROE-UHFFFAOYSA-N	0.7859844271412681	2.648679258143716e-07	2.599123321900265e-06	metabolite-metabolite
BHQCQFFYRZLCQQ-OELDTZBJSA-N	DKPMWHFRUGMUKF-GDYCBZMLSA-N	0.8246941045606229	2.0961701263644272e-08	3.0364521785841703e-07	metabolite-metabolite
BHQCQFFYRZLCQQ-OELDTZBJSA-N	DKPMWHFRUGMUKF-KWXDGCAGSA-N	0.4273637374860959	0.01849462145287184	0.0460398023401285	metabolite-metabolite
BHQCQFFYRZLCQQ-OELDTZBJSA-N	FERIUCNNQQJTOY-UHFFFAOYSA-N	0.4718576195773081	0.008475955299625415	0.0240073147313411	metabolite-metabolite
BHQCQFFYRZLCQQ-OELDTZBJSA-N	GHCZAUBVMUEKKP-GYPHWSFCSA-N	0.7128074281650467	9.880175102505717e-06	6.449676536979254e-05	metabolite-metabolite
BHQCQFFYRZLCQQ-OELDTZBJSA-N	HNDVDQJCIGZPNO-YFKPBYRVSA-N	0.7343715239154616	3.84383972651392e-06	2.8243865816790503e-05	metabolite-metabolite
BHQCQFFYRZLCQQ-OELDTZBJSA-N	KDXKERNSBIXSRK-YFKPBYRVSA-N	-0.6493882091212457	0.00010327385149011548	0.0005590018794179308	metabolite-metabolite
BHQCQFFYRZLCQQ-OELDTZBJSA-N	KXGVEGMKQFWNSR-LLQZFEROSA-N	0.5844271412680757	0.0006957002240239873	0.00303197719409809	metabolite-metabolite
BHQCQFFYRZLCQQ-OELDTZBJSA-N	MTCFGRXMJLQNBG-REOHCLBHSA-N	-0.7837597330367074	3.0160379616006594e-07	2.8851532967166804e-06	metabolite-metabolite
BHQCQFFYRZLCQQ-OELDTZBJSA-N	ONIBWKKTOPOVIA-BYPYZUCNSA-N	-0.6146829810901	0.00030140582857196563	0.0014553595722470725	metabolite-metabolite
BHQCQFFYRZLCQQ-OELDTZBJSA-N	QBYUNVOYXHFVKC-GBURMNQMSA-N	0.8852057842046719	8.268496998198316e-11	2.0617023643865195e-09	metabolite-metabolite
BHQCQFFYRZLCQQ-OELDTZBJSA-N	QIVBCDIJIAJPQS-VIFPVBQESA-N	0.7254727474972191	5.735198844725176e-06	3.947166263840174e-05	metabolite-metabolite
BHQCQFFYRZLCQQ-OELDTZBJSA-N	QNAYBMKLOCPYGJ-REOHCLBHSA-N	-0.5937708565072302	0.0005420805357618796	0.002417901744555806	metabolite-metabolite
BHQCQFFYRZLCQQ-OELDTZBJSA-N	RFDAIACWWDREDC-FRVQLJSFSA-N	0.8473859844271412	3.4914910962413614e-09	6.104089411707037e-08	metabolite-metabolite
BHQCQFFYRZLCQQ-OELDTZBJSA-N	RUDATBOHQWOJDD-BSWAIDMHSA-N	0.9310344827586206	8.79296635503124e-14	2.97939450888407e-12	metabolite-metabolite
BHQCQFFYRZLCQQ-OELDTZBJSA-N	WBWWGRHZICKQGZ-HZAMXZRMSA-N	0.8700778642936595	4.2460968074919947e-10	8.847001353728956e-09	metabolite-metabolite
BHQCQFFYRZLCQQ-OELDTZBJSA-N	WHUUTDBJXJRKMK-VKHMYHEASA-N	0.4416017797552838	0.014563951168300449	0.03786627303758072	metabolite-metabolite
BHQCQFFYRZLCQQ-OELDTZBJSA-N	XBDQKXXYIPTUBI-UHFFFAOYSA-N	0.4834260289210235	0.006803320313949257	0.020015184134461794	metabolite-metabolite
BHQCQFFYRZLCQQ-OELDTZBJSA-N	XOAAWQZATWQOTB-UHFFFAOYSA-N	0.7904338153503891	2.0333354422419347e-07	2.0481478220091276e-06	metabolite-metabolite
BHQCQFFYRZLCQQ-OELDTZBJSA-N	ZDXPYRJPNDTMRX-VKHMYHEASA-N	0.6400444938820913	0.00013957760813898545	0.0007295448177990771	metabolite-metabolite
BHTRKEVKTKCXOH-BJLOMENOSA-N	BTCSSZJGUNDROE-UHFFFAOYSA-N	0.7450500556173525	2.328204040225046e-06	1.815999151322245e-05	metabolite-metabolite
BHTRKEVKTKCXOH-BJLOMENOSA-N	COLNVLDHVKWLRT-QMMMGPOBSA-N	0.5110122358175753	0.003904443464453955	0.012882122580117894	metabolite-metabolite
BHTRKEVKTKCXOH-BJLOMENOSA-N	DKPMWHFRUGMUKF-GDYCBZMLSA-N	0.8011123470522801	1.0498177305251488e-07	1.1487573883250946e-06	metabolite-metabolite
BHTRKEVKTKCXOH-BJLOMENOSA-N	DKPMWHFRUGMUKF-KWXDGCAGSA-N	0.4602892102335927	0.010483454586281304	0.02852474852546294	metabolite-metabolite
BHTRKEVKTKCXOH-BJLOMENOSA-N	FERIUCNNQQJTOY-UHFFFAOYSA-N	0.5706340378197998	0.0009920679647321684	0.0041340695187881416	metabolite-metabolite
BHTRKEVKTKCXOH-BJLOMENOSA-N	GHCZAUBVMUEKKP-GYPHWSFCSA-N	0.8082786697144706	6.586197720537257e-08	8.144395717835096e-07	metabolite-metabolite
BHTRKEVKTKCXOH-BJLOMENOSA-N	HNDVDQJCIGZPNO-YFKPBYRVSA-N	0.7717463848720802	5.930883730798087e-07	5.27536500216641e-06	metabolite-metabolite
BHTRKEVKTKCXOH-BJLOMENOSA-N	KDXKERNSBIXSRK-YFKPBYRVSA-N	-0.4318131256952169	0.01718186327306359	0.04348355081252908	metabolite-metabolite
BHTRKEVKTKCXOH-BJLOMENOSA-N	KXGVEGMKQFWNSR-LLQZFEROSA-N	0.4593993325917687	0.01065316435695074	0.028780573689026312	metabolite-metabolite
BHTRKEVKTKCXOH-BJLOMENOSA-N	MTCFGRXMJLQNBG-REOHCLBHSA-N	-0.6965517241379309	1.9071842114914972e-05	0.00011744239618183272	metabolite-metabolite
BHTRKEVKTKCXOH-BJLOMENOSA-N	ONIBWKKTOPOVIA-BYPYZUCNSA-N	-0.4295884315906564	0.017828242790330684	0.044969746739789596	metabolite-metabolite
BHTRKEVKTKCXOH-BJLOMENOSA-N	QBYUNVOYXHFVKC-GBURMNQMSA-N	0.8941045606229143	2.8279156794042137e-11	7.82050868508577e-10	metabolite-metabolite
BHTRKEVKTKCXOH-BJLOMENOSA-N	QIVBCDIJIAJPQS-VIFPVBQESA-N	0.803337041156841	9.101995113169892e-08	1.0568041677316842e-06	metabolite-metabolite
BHTRKEVKTKCXOH-BJLOMENOSA-N	RFDAIACWWDREDC-FRVQLJSFSA-N	0.7966629588431591	1.38925703385695e-07	1.4374557482099704e-06	metabolite-metabolite
BHTRKEVKTKCXOH-BJLOMENOSA-N	RUDATBOHQWOJDD-BSWAIDMHSA-N	0.8696329254727475	4.441536027854909e-10	9.007435242125439e-09	metabolite-metabolite
BHTRKEVKTKCXOH-BJLOMENOSA-N	WBWWGRHZICKQGZ-HZAMXZRMSA-N	0.9145717463848722	1.5920598173124745e-12	4.568301292806609e-11	metabolite-metabolite
BHTRKEVKTKCXOH-BJLOMENOSA-N	WHUUTDBJXJRKMK-VKHMYHEASA-N	0.5381535038932146	0.0021583292645619423	0.00783488976467428	metabolite-metabolite
BHTRKEVKTKCXOH-BJLOMENOSA-N	XBDQKXXYIPTUBI-UHFFFAOYSA-N	0.5692992213570633	0.0010258884981881877	0.004251706827641755	metabolite-metabolite
BHTRKEVKTKCXOH-BJLOMENOSA-N	XOAAWQZATWQOTB-UHFFFAOYSA-N	0.7085650723025583	1.1779782587151288e-05	7.496673353646344e-05	metabolite-metabolite
BHTRKEVKTKCXOH-BJLOMENOSA-N	ZDXPYRJPNDTMRX-VKHMYHEASA-N	0.681868743047831	3.334110870589768e-05	0.000200442001349721	metabolite-metabolite
BTCSSZJGUNDROE-UHFFFAOYSA-N	COLNVLDHVKWLRT-QMMMGPOBSA-N	0.42825361512791993	0.01822564066251875	0.04566919184133633	metabolite-metabolite
BTCSSZJGUNDROE-UHFFFAOYSA-N	DKPMWHFRUGMUKF-GDYCBZMLSA-N	0.6956618464961069	1.9746762716543742e-05	0.0001206217915328267	metabolite-metabolite
BTCSSZJGUNDROE-UHFFFAOYSA-N	DKPMWHFRUGMUKF-KWXDGCAGSA-N	0.4602892102335927	0.010483454586281304	0.02852474852546294	metabolite-metabolite
BTCSSZJGUNDROE-UHFFFAOYSA-N	FERIUCNNQQJTOY-UHFFFAOYSA-N	0.4896551724137934	0.006025100690888241	0.01821904204938596	metabolite-metabolite
BTCSSZJGUNDROE-UHFFFAOYSA-N	GHCZAUBVMUEKKP-GYPHWSFCSA-N	0.6538333512172674	8.91667024816023e-05	0.00049678591382607	metabolite-metabolite
BTCSSZJGUNDROE-UHFFFAOYSA-N	HNDVDQJCIGZPNO-YFKPBYRVSA-N	0.7699666295884313	6.533317984391829e-07	5.6142240976164715e-06	metabolite-metabolite
BTCSSZJGUNDROE-UHFFFAOYSA-N	KDXKERNSBIXSRK-YFKPBYRVSA-N	-0.5083426028921023	0.004128256890679527	0.013388227570839906	metabolite-metabolite
BTCSSZJGUNDROE-UHFFFAOYSA-N	MTCFGRXMJLQNBG-REOHCLBHSA-N	-0.8442714126807562	4.539888021071192e-09	7.42491339522644e-08	metabolite-metabolite
BTCSSZJGUNDROE-UHFFFAOYSA-N	ODKSFYDXXFIFQN-BYPYZUCNSA-N	0.43898097946575554	0.015229923165493542	0.03946288438622725	metabolite-metabolite
BTCSSZJGUNDROE-UHFFFAOYSA-N	ONIBWKKTOPOVIA-BYPYZUCNSA-N	-0.5995550611790879	0.00046271291661925673	0.0021391682254647826	metabolite-metabolite
BTCSSZJGUNDROE-UHFFFAOYSA-N	QBYUNVOYXHFVKC-GBURMNQMSA-N	0.8060066740823135	7.651142208686679e-08	9.16329709443886e-07	metabolite-metabolite
BTCSSZJGUNDROE-UHFFFAOYSA-N	QIVBCDIJIAJPQS-VIFPVBQESA-N	0.6974416017797553	1.8417722054131502e-05	0.00011434022548773015	metabolite-metabolite
BTCSSZJGUNDROE-UHFFFAOYSA-N	QNAYBMKLOCPYGJ-REOHCLBHSA-N	-0.450055617352614	0.012578791952999602	0.03327363923567361	metabolite-metabolite
BTCSSZJGUNDROE-UHFFFAOYSA-N	QTBSBXVTEAMEQO-UHFFFAOYSA-N	0.46251390433815365	0.010069093093306059	0.027694558037826944	metabolite-metabolite
BTCSSZJGUNDROE-UHFFFAOYSA-N	RFDAIACWWDREDC-FRVQLJSFSA-N	0.7041156840934373	1.4119679737856217e-05	8.911216963225499e-05	metabolite-metabolite
BTCSSZJGUNDROE-UHFFFAOYSA-N	RUDATBOHQWOJDD-BSWAIDMHSA-N	0.7343715239154616	3.84383972651392e-06	2.8243865816790503e-05	metabolite-metabolite
BTCSSZJGUNDROE-UHFFFAOYSA-N	WBWWGRHZICKQGZ-HZAMXZRMSA-N	0.7321468298109011	4.254456832608611e-06	3.0668383140586286e-05	metabolite-metabolite
BTCSSZJGUNDROE-UHFFFAOYSA-N	WHUUTDBJXJRKMK-VKHMYHEASA-N	0.48120133481646254	0.007101185724954107	0.020810989378911238	metabolite-metabolite
BTCSSZJGUNDROE-UHFFFAOYSA-N	XBDQKXXYIPTUBI-UHFFFAOYSA-N	0.5087875417130143	0.004090208667336892	0.01337894060864464	metabolite-metabolite
BTCSSZJGUNDROE-UHFFFAOYSA-N	XOAAWQZATWQOTB-UHFFFAOYSA-N	0.670300333704116	5.066311535406598e-05	0.0002952436722356566	metabolite-metabolite
BTCSSZJGUNDROE-UHFFFAOYSA-N	ZDXPYRJPNDTMRX-VKHMYHEASA-N	0.46696329254727464	0.009281597882824677	0.02590332179775512	metabolite-metabolite
CKLJMWTZIZZHCS-REOHCLBHSA-N	DHMQDGOQFOQNFH-UHFFFAOYSA-N	0.45450500556173523	0.011628367601971945	0.03108391409947142	metabolite-metabolite
CKLJMWTZIZZHCS-REOHCLBHSA-N	ONIBWKKTOPOVIA-BYPYZUCNSA-N	0.5252502780867632	0.002878308555871456	0.009793976092797418	metabolite-metabolite
COLNVLDHVKWLRT-QMMMGPOBSA-N	GHCZAUBVMUEKKP-GYPHWSFCSA-N	0.4217202860982714	0.020277906332136997	0.04982664867718922	metabolite-metabolite
COLNVLDHVKWLRT-QMMMGPOBSA-N	HNDVDQJCIGZPNO-YFKPBYRVSA-N	0.49499443826473843	0.0054196441773610715	0.01672064664049966	metabolite-metabolite
COLNVLDHVKWLRT-QMMMGPOBSA-N	KZSNJWFQEVHDMF-BYPYZUCNSA-N	0.875417130144605	2.441979951584017e-10	5.382972290135513e-09	metabolite-metabolite
COLNVLDHVKWLRT-QMMMGPOBSA-N	ODKSFYDXXFIFQN-BYPYZUCNSA-N	0.45277561744187134	0.011990366190116397	0.03185618752856767	metabolite-metabolite
COLNVLDHVKWLRT-QMMMGPOBSA-N	OUYCCCASQSFEME-QMMMGPOBSA-N	0.5982202447163516	0.00048005781638460476	0.0021926965126763953	metabolite-metabolite
COLNVLDHVKWLRT-QMMMGPOBSA-N	QIVBCDIJIAJPQS-VIFPVBQESA-N	0.47719688542825356	0.007665243970877533	0.022039387674300137	metabolite-metabolite
COLNVLDHVKWLRT-QMMMGPOBSA-N	QTBSBXVTEAMEQO-UHFFFAOYSA-N	0.4598442714126807	0.01056802324907613	0.028652341108457602	metabolite-metabolite
COLNVLDHVKWLRT-QMMMGPOBSA-N	ROHFNLRQFUQHCH-YFKPBYRVSA-N	0.7713014460511678	6.076560881140836e-07	5.342456126378181e-06	metabolite-metabolite
COLNVLDHVKWLRT-QMMMGPOBSA-N	RUDATBOHQWOJDD-BSWAIDMHSA-N	0.4478309232480533	0.01307784571096926	0.03423649453766631	metabolite-metabolite
COLNVLDHVKWLRT-QMMMGPOBSA-N	XBDQKXXYIPTUBI-UHFFFAOYSA-N	0.5354838709677421	0.002292912970343064	0.008129418713034742	metabolite-metabolite
DHMQDGOQFOQNFH-UHFFFAOYSA-N	FFEARJCKVFRZRR-BYPYZUCNSA-N	0.6373748609566183	0.00015184748840990636	0.0007724415714776001	metabolite-metabolite
DHMQDGOQFOQNFH-UHFFFAOYSA-N	KDXKERNSBIXSRK-YFKPBYRVSA-N	0.7187986651835372	7.666437912057233e-06	5.1825120286785875e-05	metabolite-metabolite
DHMQDGOQFOQNFH-UHFFFAOYSA-N	KXGVEGMKQFWNSR-LLQZFEROSA-N	-0.5274749721913237	0.0027411297776409604	0.009454100661659748	metabolite-metabolite
DHMQDGOQFOQNFH-UHFFFAOYSA-N	KZSNJWFQEVHDMF-BYPYZUCNSA-N	0.47497219132369306	0.007994681102623247	0.022814089975778273	metabolite-metabolite
DHMQDGOQFOQNFH-UHFFFAOYSA-N	MTCFGRXMJLQNBG-REOHCLBHSA-N	0.47897664071190205	0.0074100376189929484	0.021467937559024985	metabolite-metabolite
DHMQDGOQFOQNFH-UHFFFAOYSA-N	ONIBWKKTOPOVIA-BYPYZUCNSA-N	0.5559510567296995	0.0014235515670764087	0.005594888717113999	metabolite-metabolite
DHMQDGOQFOQNFH-UHFFFAOYSA-N	QNAYBMKLOCPYGJ-REOHCLBHSA-N	0.7299221357063406	4.704314935377596e-06	3.328029310178948e-05	metabolite-metabolite
DHMQDGOQFOQNFH-UHFFFAOYSA-N	ROHFNLRQFUQHCH-YFKPBYRVSA-N	0.5746384872080088	0.0008963832217174783	0.0037977684686145707	metabolite-metabolite
DHMQDGOQFOQNFH-UHFFFAOYSA-N	WVULKSPCQVQLCU-BUXLTGKBSA-N	-0.4945494994438264	0.005468034039843417	0.01680177732242827	metabolite-metabolite
DKPMWHFRUGMUKF-GDYCBZMLSA-N	DKPMWHFRUGMUKF-KWXDGCAGSA-N	0.7566184649610679	1.3148348920744013e-06	1.0928217875072477e-05	metabolite-metabolite
DKPMWHFRUGMUKF-GDYCBZMLSA-N	FERIUCNNQQJTOY-UHFFFAOYSA-N	0.5986651835372636	0.00047421363086241897	0.0021790904306406844	metabolite-metabolite
DKPMWHFRUGMUKF-GDYCBZMLSA-N	GHCZAUBVMUEKKP-GYPHWSFCSA-N	0.8552353875860987	1.7542283181626317e-09	3.139036541810469e-08	metabolite-metabolite
DKPMWHFRUGMUKF-GDYCBZMLSA-N	HNDVDQJCIGZPNO-YFKPBYRVSA-N	0.7116796440489432	1.0356140241363221e-05	6.646282408029336e-05	metabolite-metabolite
DKPMWHFRUGMUKF-GDYCBZMLSA-N	KDXKERNSBIXSRK-YFKPBYRVSA-N	-0.5590656284760844	0.0013204021555508483	0.00527121175483769	metabolite-metabolite
DKPMWHFRUGMUKF-GDYCBZMLSA-N	KXGVEGMKQFWNSR-LLQZFEROSA-N	0.7018909899888763	1.543972194761878e-05	9.664122256092256e-05	metabolite-metabolite
DKPMWHFRUGMUKF-GDYCBZMLSA-N	MTCFGRXMJLQNBG-REOHCLBHSA-N	-0.6084538375973303	0.0003605323408639727	0.0016769715304416621	metabolite-metabolite
DKPMWHFRUGMUKF-GDYCBZMLSA-N	ONIBWKKTOPOVIA-BYPYZUCNSA-N	-0.4682981090100111	0.009055728566979226	0.025459820980361147	metabolite-metabolite
DKPMWHFRUGMUKF-GDYCBZMLSA-N	QBYUNVOYXHFVKC-GBURMNQMSA-N	0.8447163515016682	4.374279161112327e-09	7.311295480150193e-08	metabolite-metabolite
DKPMWHFRUGMUKF-GDYCBZMLSA-N	QIVBCDIJIAJPQS-VIFPVBQESA-N	0.7508342602892104	1.756340208380891e-06	1.4134356916439828e-05	metabolite-metabolite
DKPMWHFRUGMUKF-GDYCBZMLSA-N	QNAYBMKLOCPYGJ-REOHCLBHSA-N	-0.4660734149054504	0.009434800462591486	0.026139037347179706	metabolite-metabolite
DKPMWHFRUGMUKF-GDYCBZMLSA-N	RFDAIACWWDREDC-FRVQLJSFSA-N	0.8656284760845385	6.611231562203557e-10	1.2728715415022407e-08	metabolite-metabolite
DKPMWHFRUGMUKF-GDYCBZMLSA-N	RUDATBOHQWOJDD-BSWAIDMHSA-N	0.8647385984427141	7.209801644592062e-10	1.3538409060487311e-08	metabolite-metabolite
DKPMWHFRUGMUKF-GDYCBZMLSA-N	WBWWGRHZICKQGZ-HZAMXZRMSA-N	0.7979977753058956	1.2781929559224636e-07	1.3788166568495797e-06	metabolite-metabolite
DKPMWHFRUGMUKF-GDYCBZMLSA-N	WHUUTDBJXJRKMK-VKHMYHEASA-N	0.549276974416018	0.0016684682225656111	0.006360251043915799	metabolite-metabolite
DKPMWHFRUGMUKF-GDYCBZMLSA-N	WVULKSPCQVQLCU-BUXLTGKBSA-N	0.6387096774193548	0.00014559771594413462	0.0007506919523772027	metabolite-metabolite
DKPMWHFRUGMUKF-GDYCBZMLSA-N	XBDQKXXYIPTUBI-UHFFFAOYSA-N	0.6578420467185762	7.794584182319042e-05	0.0004407272320183786	metabolite-metabolite
DKPMWHFRUGMUKF-GDYCBZMLSA-N	XOAAWQZATWQOTB-UHFFFAOYSA-N	0.7517241379310344	1.680678565207927e-06	1.3670118169883949e-05	metabolite-metabolite
DKPMWHFRUGMUKF-GDYCBZMLSA-N	ZDXPYRJPNDTMRX-VKHMYHEASA-N	0.5830923248053392	0.0007205036902959705	0.0031221826579495016	metabolite-metabolite
DKPMWHFRUGMUKF-KWXDGCAGSA-N	GHCZAUBVMUEKKP-GYPHWSFCSA-N	0.611995138137333	0.0003257753462082569	0.0015436271077344799	metabolite-metabolite
DKPMWHFRUGMUKF-KWXDGCAGSA-N	KDXKERNSBIXSRK-YFKPBYRVSA-N	-0.47897664071190205	0.0074100376189929484	0.021467937559024985	metabolite-metabolite
DKPMWHFRUGMUKF-KWXDGCAGSA-N	KXGVEGMKQFWNSR-LLQZFEROSA-N	0.7877641824249166	2.384657968867998e-07	2.3706305678494743e-06	metabolite-metabolite
DKPMWHFRUGMUKF-KWXDGCAGSA-N	QBYUNVOYXHFVKC-GBURMNQMSA-N	0.4976640711902114	0.005136905718385876	0.01604360081656031	metabolite-metabolite
DKPMWHFRUGMUKF-KWXDGCAGSA-N	RFDAIACWWDREDC-FRVQLJSFSA-N	0.6209121245828699	0.00025102009097066613	0.0012356037487584182	metabolite-metabolite
DKPMWHFRUGMUKF-KWXDGCAGSA-N	RUDATBOHQWOJDD-BSWAIDMHSA-N	0.5488320355951055	0.0016860241424669908	0.006363381440923188	metabolite-metabolite
DKPMWHFRUGMUKF-KWXDGCAGSA-N	WBWWGRHZICKQGZ-HZAMXZRMSA-N	0.46562847608453817	0.00951219723032537	0.02625780759950036	metabolite-metabolite
DKPMWHFRUGMUKF-KWXDGCAGSA-N	WVULKSPCQVQLCU-BUXLTGKBSA-N	0.7966629588431591	1.38925703385695e-07	1.4374557482099704e-06	metabolite-metabolite
FERIUCNNQQJTOY-UHFFFAOYSA-N	GHCZAUBVMUEKKP-GYPHWSFCSA-N	0.517414071334291	0.0034097084721351756	0.011348285746427766	metabolite-metabolite
FERIUCNNQQJTOY-UHFFFAOYSA-N	GWYFCOCPABKNJV-UHFFFAOYSA-N	0.46924018534884837	0.008899121896851714	0.025112364387962494	metabolite-metabolite
FERIUCNNQQJTOY-UHFFFAOYSA-N	HNDVDQJCIGZPNO-YFKPBYRVSA-N	0.6409343715239153	0.00013568815316400418	0.000714123463537053	metabolite-metabolite
FERIUCNNQQJTOY-UHFFFAOYSA-N	MTCFGRXMJLQNBG-REOHCLBHSA-N	-0.4780867630700778	0.007536725976425629	0.021752106660613002	metabolite-metabolite
FERIUCNNQQJTOY-UHFFFAOYSA-N	QBYUNVOYXHFVKC-GBURMNQMSA-N	0.553726362625139	0.0015014593241082785	0.005840715171276489	metabolite-metabolite
FERIUCNNQQJTOY-UHFFFAOYSA-N	QIVBCDIJIAJPQS-VIFPVBQESA-N	0.486540600667408	0.006404170398862874	0.019137019993458182	metabolite-metabolite
FERIUCNNQQJTOY-UHFFFAOYSA-N	RUDATBOHQWOJDD-BSWAIDMHSA-N	0.5087875417130143	0.004090208667336892	0.01337894060864464	metabolite-metabolite
FERIUCNNQQJTOY-UHFFFAOYSA-N	WBWWGRHZICKQGZ-HZAMXZRMSA-N	0.4576195773081202	0.01099951370657326	0.029611080261412237	metabolite-metabolite
FERIUCNNQQJTOY-UHFFFAOYSA-N	WHUUTDBJXJRKMK-VKHMYHEASA-N	0.5870967741935482	0.0006483309872420406	0.0028749604419679997	metabolite-metabolite
FERIUCNNQQJTOY-UHFFFAOYSA-N	XBDQKXXYIPTUBI-UHFFFAOYSA-N	0.8451612903225807	4.2142249689902656e-09	7.202063212474741e-08	metabolite-metabolite
FERIUCNNQQJTOY-UHFFFAOYSA-N	XOAAWQZATWQOTB-UHFFFAOYSA-N	0.5363737486095661	0.0022472671381823517	0.00804257251100049	metabolite-metabolite
FERIUCNNQQJTOY-UHFFFAOYSA-N	ZDXPYRJPNDTMRX-VKHMYHEASA-N	0.612013348164627	0.00032560455563013235	0.0015436271077344799	metabolite-metabolite
FFEARJCKVFRZRR-BYPYZUCNSA-N	KDXKERNSBIXSRK-YFKPBYRVSA-N	0.5296996662958842	0.0026096287689187925	0.009124701971323645	metabolite-metabolite
FFEARJCKVFRZRR-BYPYZUCNSA-N	QNAYBMKLOCPYGJ-REOHCLBHSA-N	0.6391546162402673	0.00014356586246400127	0.0007452685215292298	metabolite-metabolite
GHCZAUBVMUEKKP-GYPHWSFCSA-N	HNDVDQJCIGZPNO-YFKPBYRVSA-N	0.7308334667792735	4.515082252076752e-06	3.2241502843533e-05	metabolite-metabolite
GHCZAUBVMUEKKP-GYPHWSFCSA-N	KDXKERNSBIXSRK-YFKPBYRVSA-N	-0.48937356682327127	0.006058570305511601	0.018247693930065534	metabolite-metabolite
GHCZAUBVMUEKKP-GYPHWSFCSA-N	KXGVEGMKQFWNSR-LLQZFEROSA-N	0.5779459540882379	0.0008235443451525271	0.0035484729432777584	metabolite-metabolite
GHCZAUBVMUEKKP-GYPHWSFCSA-N	MTCFGRXMJLQNBG-REOHCLBHSA-N	-0.571714730863567	0.0009654043076197105	0.004045123834407249	metabolite-metabolite
GHCZAUBVMUEKKP-GYPHWSFCSA-N	QBYUNVOYXHFVKC-GBURMNQMSA-N	0.8174029608648818	3.534636938695712e-08	4.595028024745318e-07	metabolite-metabolite
GHCZAUBVMUEKKP-GYPHWSFCSA-N	QIVBCDIJIAJPQS-VIFPVBQESA-N	0.8167353298050957	3.7035907674010105e-08	4.7337491970722567e-07	metabolite-metabolite
GHCZAUBVMUEKKP-GYPHWSFCSA-N	QNAYBMKLOCPYGJ-REOHCLBHSA-N	-0.4486480721763142	0.012892651070012029	0.03386825954661221	metabolite-metabolite
GHCZAUBVMUEKKP-GYPHWSFCSA-N	RFDAIACWWDREDC-FRVQLJSFSA-N	0.8285301451946516	1.5770350358934593e-08	2.3288061257176196e-07	metabolite-metabolite
GHCZAUBVMUEKKP-GYPHWSFCSA-N	RUDATBOHQWOJDD-BSWAIDMHSA-N	0.8020474464897998	9.889120056172374e-08	1.114174191130246e-06	metabolite-metabolite
GHCZAUBVMUEKKP-GYPHWSFCSA-N	WBWWGRHZICKQGZ-HZAMXZRMSA-N	0.728385486226724	5.039675474272087e-06	3.500158171787504e-05	metabolite-metabolite
GHCZAUBVMUEKKP-GYPHWSFCSA-N	WHUUTDBJXJRKMK-VKHMYHEASA-N	0.5941916432097019	0.0005359275386296325	0.0024045598414619285	metabolite-metabolite
GHCZAUBVMUEKKP-GYPHWSFCSA-N	WVULKSPCQVQLCU-BUXLTGKBSA-N	0.6442639726936652	0.00012197590800200331	0.0006509661616527218	metabolite-metabolite
GHCZAUBVMUEKKP-GYPHWSFCSA-N	XBDQKXXYIPTUBI-UHFFFAOYSA-N	0.5617002649667739	0.001238294253067096	0.004995876814098299	metabolite-metabolite
GHCZAUBVMUEKKP-GYPHWSFCSA-N	XOAAWQZATWQOTB-UHFFFAOYSA-N	0.7973740290712961	1.3290428801937537e-07	1.4136183357216225e-06	metabolite-metabolite
GHCZAUBVMUEKKP-GYPHWSFCSA-N	ZDXPYRJPNDTMRX-VKHMYHEASA-N	0.713029971851642	9.788616281980467e-06	6.44523175981071e-05	metabolite-metabolite
GWYFCOCPABKNJV-UHFFFAOYSA-N	OUYCCCASQSFEME-QMMMGPOBSA-N	0.5328735153677062	0.002431467043453317	0.008541019337395372	metabolite-metabolite
HNDVDQJCIGZPNO-YFKPBYRVSA-N	MTCFGRXMJLQNBG-REOHCLBHSA-N	-0.6124582869855395	0.0003214560097521968	0.0015423804127241425	metabolite-metabolite
HNDVDQJCIGZPNO-YFKPBYRVSA-N	ODKSFYDXXFIFQN-BYPYZUCNSA-N	0.5279786438277942	0.0027108677481657573	0.009392323109248757	metabolite-metabolite
HNDVDQJCIGZPNO-YFKPBYRVSA-N	QBYUNVOYXHFVKC-GBURMNQMSA-N	0.8060066740823135	7.651142208686679e-08	9.16329709443886e-07	metabolite-metabolite
HNDVDQJCIGZPNO-YFKPBYRVSA-N	QIVBCDIJIAJPQS-VIFPVBQESA-N	0.8932146829810899	3.161471084922596e-11	8.436131793132517e-10	metabolite-metabolite
HNDVDQJCIGZPNO-YFKPBYRVSA-N	RFDAIACWWDREDC-FRVQLJSFSA-N	0.6520578420467187	9.458095197834027e-05	0.0005193416171813681	metabolite-metabolite
HNDVDQJCIGZPNO-YFKPBYRVSA-N	RUDATBOHQWOJDD-BSWAIDMHSA-N	0.7161290322580642	8.590633725713559e-06	5.756103038123683e-05	metabolite-metabolite
HNDVDQJCIGZPNO-YFKPBYRVSA-N	WBWWGRHZICKQGZ-HZAMXZRMSA-N	0.671635150166852	4.832008813870914e-05	0.00028376391528484035	metabolite-metabolite
HNDVDQJCIGZPNO-YFKPBYRVSA-N	WHUUTDBJXJRKMK-VKHMYHEASA-N	0.8202447163515019	2.8913980987255172e-08	3.891873046057981e-07	metabolite-metabolite
HNDVDQJCIGZPNO-YFKPBYRVSA-N	XBDQKXXYIPTUBI-UHFFFAOYSA-N	0.6529477196885427	9.183179597860303e-05	0.0005079133152117166	metabolite-metabolite
HNDVDQJCIGZPNO-YFKPBYRVSA-N	XOAAWQZATWQOTB-UHFFFAOYSA-N	0.7628476084538374	9.54030590971655e-07	8.017019495820676e-06	metabolite-metabolite
HNDVDQJCIGZPNO-YFKPBYRVSA-N	ZDXPYRJPNDTMRX-VKHMYHEASA-N	0.7806451612903227	3.6084227961197257e-07	3.3671233583554283e-06	metabolite-metabolite
KDXKERNSBIXSRK-YFKPBYRVSA-N	KXGVEGMKQFWNSR-LLQZFEROSA-N	-0.5688542825361513	0.0010373837232275918	0.00425299364697862	metabolite-metabolite
KDXKERNSBIXSRK-YFKPBYRVSA-N	MTCFGRXMJLQNBG-REOHCLBHSA-N	0.6476084538375972	0.00010945759579517045	0.0005882862304043002	metabolite-metabolite
KDXKERNSBIXSRK-YFKPBYRVSA-N	ONIBWKKTOPOVIA-BYPYZUCNSA-N	0.7446051167964405	2.378504244227031e-06	1.8363984545910483e-05	metabolite-metabolite
KDXKERNSBIXSRK-YFKPBYRVSA-N	OUYCCCASQSFEME-QMMMGPOBSA-N	0.5959955506117911	0.0005102403871477534	0.0023028950411023708	metabolite-metabolite
KDXKERNSBIXSRK-YFKPBYRVSA-N	QBYUNVOYXHFVKC-GBURMNQMSA-N	-0.5350389321468298	0.002316035091700641	0.008173293212243582	metabolite-metabolite
KDXKERNSBIXSRK-YFKPBYRVSA-N	QNAYBMKLOCPYGJ-REOHCLBHSA-N	0.8740823136818685	2.810724986090918e-10	6.02128302773508e-09	metabolite-metabolite
KDXKERNSBIXSRK-YFKPBYRVSA-N	RFDAIACWWDREDC-FRVQLJSFSA-N	-0.6614015572858731	6.905714066007818e-05	0.00039339292488449473	metabolite-metabolite
KDXKERNSBIXSRK-YFKPBYRVSA-N	ROHFNLRQFUQHCH-YFKPBYRVSA-N	0.5132369299221358	0.003725962882995315	0.01234681818090655	metabolite-metabolite
KDXKERNSBIXSRK-YFKPBYRVSA-N	RUDATBOHQWOJDD-BSWAIDMHSA-N	-0.5417130144605116	0.001989556324150321	0.007435172405484636	metabolite-metabolite
KDXKERNSBIXSRK-YFKPBYRVSA-N	WBWWGRHZICKQGZ-HZAMXZRMSA-N	-0.5719688542825361	0.0009592261667030755	0.004041504153892372	metabolite-metabolite
KDXKERNSBIXSRK-YFKPBYRVSA-N	WVULKSPCQVQLCU-BUXLTGKBSA-N	-0.5221357063403782	0.00308027959120194	0.010296934633446941	metabolite-metabolite
KDXKERNSBIXSRK-YFKPBYRVSA-N	XOAAWQZATWQOTB-UHFFFAOYSA-N	-0.5862068965517242	0.000663795941113321	0.002926474279516089	metabolite-metabolite
KXGVEGMKQFWNSR-LLQZFEROSA-N	MTCFGRXMJLQNBG-REOHCLBHSA-N	-0.42202447163515	0.020178302182291663	0.04974262174921451	metabolite-metabolite
KXGVEGMKQFWNSR-LLQZFEROSA-N	QBYUNVOYXHFVKC-GBURMNQMSA-N	0.4678531701890991	0.00913049752266426	0.025575482010998574	metabolite-metabolite
KXGVEGMKQFWNSR-LLQZFEROSA-N	QNAYBMKLOCPYGJ-REOHCLBHSA-N	-0.5408231368186875	0.002030639139853907	0.007478455524740024	metabolite-metabolite
KXGVEGMKQFWNSR-LLQZFEROSA-N	RFDAIACWWDREDC-FRVQLJSFSA-N	0.734816462736374	3.7661507010788853e-06	2.8218301556748315e-05	metabolite-metabolite
KXGVEGMKQFWNSR-LLQZFEROSA-N	RUDATBOHQWOJDD-BSWAIDMHSA-N	0.6240266963292549	0.00022874503022540793	0.0011332937816699307	metabolite-metabolite
KXGVEGMKQFWNSR-LLQZFEROSA-N	WBWWGRHZICKQGZ-HZAMXZRMSA-N	0.5368186874304781	0.002224740569235717	0.0080376019140318	metabolite-metabolite
KXGVEGMKQFWNSR-LLQZFEROSA-N	WVULKSPCQVQLCU-BUXLTGKBSA-N	0.7828698553948832	3.175535101540561e-07	2.999993099273013e-06	metabolite-metabolite
KXGVEGMKQFWNSR-LLQZFEROSA-N	XOAAWQZATWQOTB-UHFFFAOYSA-N	0.43626251390433834	0.015947283291090297	0.04104199303849132	metabolite-metabolite
KZSNJWFQEVHDMF-BYPYZUCNSA-N	OUYCCCASQSFEME-QMMMGPOBSA-N	0.5750834260289208	0.0008862675256198216	0.003775946516717088	metabolite-metabolite
KZSNJWFQEVHDMF-BYPYZUCNSA-N	QTBSBXVTEAMEQO-UHFFFAOYSA-N	0.550611790878754	0.0016167498270291958	0.006225510093447184	metabolite-metabolite
KZSNJWFQEVHDMF-BYPYZUCNSA-N	ROHFNLRQFUQHCH-YFKPBYRVSA-N	0.9190211345939931	7.740474927686591e-13	2.5054180952110983e-11	metabolite-metabolite
MTCFGRXMJLQNBG-REOHCLBHSA-N	ONIBWKKTOPOVIA-BYPYZUCNSA-N	0.6507230255839822	9.884228984935461e-05	0.0005388499027270122	metabolite-metabolite
MTCFGRXMJLQNBG-REOHCLBHSA-N	QBYUNVOYXHFVKC-GBURMNQMSA-N	-0.7490545050055617	1.9169956346765105e-06	1.5265708691813984e-05	metabolite-metabolite
MTCFGRXMJLQNBG-REOHCLBHSA-N	QIVBCDIJIAJPQS-VIFPVBQESA-N	-0.5568409343715239	0.00139338817717638	0.0055047880973644325	metabolite-metabolite
MTCFGRXMJLQNBG-REOHCLBHSA-N	QNAYBMKLOCPYGJ-REOHCLBHSA-N	0.5568409343715239	0.00139338817717638	0.0055047880973644325	metabolite-metabolite
MTCFGRXMJLQNBG-REOHCLBHSA-N	RFDAIACWWDREDC-FRVQLJSFSA-N	-0.6547274749721912	8.654621837056453e-05	0.00048574464258788197	metabolite-metabolite
MTCFGRXMJLQNBG-REOHCLBHSA-N	RUDATBOHQWOJDD-BSWAIDMHSA-N	-0.7477196885428254	2.04609873222239e-06	1.6124954258067703e-05	metabolite-metabolite
MTCFGRXMJLQNBG-REOHCLBHSA-N	WBWWGRHZICKQGZ-HZAMXZRMSA-N	-0.674749721913237	4.322569844594781e-05	0.0002558221297142005	metabolite-metabolite
MTCFGRXMJLQNBG-REOHCLBHSA-N	XBDQKXXYIPTUBI-UHFFFAOYSA-N	-0.4353726362625139	0.016188118140262553	0.04138172721233557	metabolite-metabolite
MTCFGRXMJLQNBG-REOHCLBHSA-N	XOAAWQZATWQOTB-UHFFFAOYSA-N	-0.5555061179087875	0.0014388452644955585	0.005625921972488346	metabolite-metabolite
ODKSFYDXXFIFQN-BYPYZUCNSA-N	OUYCCCASQSFEME-QMMMGPOBSA-N	0.492824566404789	0.005659129147942199	0.01719942759460391	metabolite-metabolite
ODKSFYDXXFIFQN-BYPYZUCNSA-N	WHUUTDBJXJRKMK-VKHMYHEASA-N	0.49393703720931414	0.005535245279101986	0.01693985527065278	metabolite-metabolite
ONIBWKKTOPOVIA-BYPYZUCNSA-N	QBYUNVOYXHFVKC-GBURMNQMSA-N	-0.46651835372636263	0.009357934968660775	0.02602087584521584	metabolite-metabolite
ONIBWKKTOPOVIA-BYPYZUCNSA-N	QNAYBMKLOCPYGJ-REOHCLBHSA-N	0.6422691879866518	0.0001300345686612303	0.0006891379056921387	metabolite-metabolite
ONIBWKKTOPOVIA-BYPYZUCNSA-N	RFDAIACWWDREDC-FRVQLJSFSA-N	-0.5426028921023358	0.0019491958526756115	0.007320313313382343	metabolite-metabolite
ONIBWKKTOPOVIA-BYPYZUCNSA-N	RUDATBOHQWOJDD-BSWAIDMHSA-N	-0.5363737486095661	0.0022472671381823517	0.00804257251100049	metabolite-metabolite
ONIBWKKTOPOVIA-BYPYZUCNSA-N	SMEROWZSTRWXGI-HVATVPOCSA-N	0.4353726362625139	0.016188118140262553	0.04138172721233557	metabolite-metabolite
ONIBWKKTOPOVIA-BYPYZUCNSA-N	WBWWGRHZICKQGZ-HZAMXZRMSA-N	-0.5292547274749722	0.0026354841842275434	0.009172932366613207	metabolite-metabolite
OUYCCCASQSFEME-QMMMGPOBSA-N	QNAYBMKLOCPYGJ-REOHCLBHSA-N	0.4834260289210235	0.006803320313949257	0.020015184134461794	metabolite-metabolite
OUYCCCASQSFEME-QMMMGPOBSA-N	ROHFNLRQFUQHCH-YFKPBYRVSA-N	0.6293659621802004	0.00019460702037221722	0.0009704828786443187	metabolite-metabolite
QBYUNVOYXHFVKC-GBURMNQMSA-N	QIVBCDIJIAJPQS-VIFPVBQESA-N	0.8024471635150165	9.638750109175476e-08	1.10229615746249e-06	metabolite-metabolite
QBYUNVOYXHFVKC-GBURMNQMSA-N	QNAYBMKLOCPYGJ-REOHCLBHSA-N	-0.4331479421579534	0.016803445192878463	0.042810787501454506	metabolite-metabolite
QBYUNVOYXHFVKC-GBURMNQMSA-N	RFDAIACWWDREDC-FRVQLJSFSA-N	0.803337041156841	9.101995113169892e-08	1.0568041677316842e-06	metabolite-metabolite
QBYUNVOYXHFVKC-GBURMNQMSA-N	RUDATBOHQWOJDD-BSWAIDMHSA-N	0.8896551724137929	4.8911097394466196e-11	1.26091048713306e-09	metabolite-metabolite
QBYUNVOYXHFVKC-GBURMNQMSA-N	WBWWGRHZICKQGZ-HZAMXZRMSA-N	0.8420467185761957	5.457520657614623e-09	8.737777656975254e-08	metabolite-metabolite
QBYUNVOYXHFVKC-GBURMNQMSA-N	WHUUTDBJXJRKMK-VKHMYHEASA-N	0.5964404894327031	0.0005040736818653357	0.002288644985425581	metabolite-metabolite
QBYUNVOYXHFVKC-GBURMNQMSA-N	WVULKSPCQVQLCU-BUXLTGKBSA-N	0.4278086763070079	0.018359723704024056	0.04585408826571502	metabolite-metabolite
QBYUNVOYXHFVKC-GBURMNQMSA-N	XBDQKXXYIPTUBI-UHFFFAOYSA-N	0.4838709677419355	0.006745037918340024	0.019998445757885897	metabolite-metabolite
QBYUNVOYXHFVKC-GBURMNQMSA-N	XOAAWQZATWQOTB-UHFFFAOYSA-N	0.8086763070077865	6.414380360197924e-08	8.063035141780972e-07	metabolite-metabolite
QBYUNVOYXHFVKC-GBURMNQMSA-N	ZDXPYRJPNDTMRX-VKHMYHEASA-N	0.7285873192436041	4.994429106730536e-06	3.500158171787504e-05	metabolite-metabolite
QIVBCDIJIAJPQS-VIFPVBQESA-N	RFDAIACWWDREDC-FRVQLJSFSA-N	0.7770856507230257	4.4137551880041315e-07	4.0199530775275605e-06	metabolite-metabolite
QIVBCDIJIAJPQS-VIFPVBQESA-N	RUDATBOHQWOJDD-BSWAIDMHSA-N	0.7201334816462737	7.238841683854247e-06	4.9373444849010184e-05	metabolite-metabolite
QIVBCDIJIAJPQS-VIFPVBQESA-N	WBWWGRHZICKQGZ-HZAMXZRMSA-N	0.7410456062291435	2.8177203201806833e-06	2.1536445260927906e-05	metabolite-metabolite
QIVBCDIJIAJPQS-VIFPVBQESA-N	WHUUTDBJXJRKMK-VKHMYHEASA-N	0.6293659621802004	0.00019460702037221722	0.0009704828786443187	metabolite-metabolite
QIVBCDIJIAJPQS-VIFPVBQESA-N	WVULKSPCQVQLCU-BUXLTGKBSA-N	0.49499443826473843	0.0054196441773610715	0.01672064664049966	metabolite-metabolite
QIVBCDIJIAJPQS-VIFPVBQESA-N	XBDQKXXYIPTUBI-UHFFFAOYSA-N	0.550611790878754	0.0016167498270291958	0.006225510093447184	metabolite-metabolite
QIVBCDIJIAJPQS-VIFPVBQESA-N	XOAAWQZATWQOTB-UHFFFAOYSA-N	0.7708565072302558	6.225482347410605e-07	5.4108335159064325e-06	metabolite-metabolite
QIVBCDIJIAJPQS-VIFPVBQESA-N	ZDXPYRJPNDTMRX-VKHMYHEASA-N	0.6671857619577306	5.652990843030281e-05	0.0003269277213791	metabolite-metabolite
QNAYBMKLOCPYGJ-REOHCLBHSA-N	RFDAIACWWDREDC-FRVQLJSFSA-N	-0.6200222469410455	0.0002577273564230431	0.0012604608010269303	metabolite-metabolite
QNAYBMKLOCPYGJ-REOHCLBHSA-N	ROHFNLRQFUQHCH-YFKPBYRVSA-N	0.5078976640711899	0.004166608031765939	0.013398331535551922	metabolite-metabolite
QNAYBMKLOCPYGJ-REOHCLBHSA-N	RUDATBOHQWOJDD-BSWAIDMHSA-N	-0.4362625139043381	0.015947283291090297	0.04104199303849132	metabolite-metabolite
QNAYBMKLOCPYGJ-REOHCLBHSA-N	WBWWGRHZICKQGZ-HZAMXZRMSA-N	-0.4838709677419355	0.006745037918340024	0.019998445757885897	metabolite-metabolite
QNAYBMKLOCPYGJ-REOHCLBHSA-N	WVULKSPCQVQLCU-BUXLTGKBSA-N	-0.48698553948832024	0.006348807479412244	0.019046422438237176	metabolite-metabolite
QNAYBMKLOCPYGJ-REOHCLBHSA-N	XOAAWQZATWQOTB-UHFFFAOYSA-N	-0.49499443826473843	0.0054196441773610715	0.01672064664049966	metabolite-metabolite
QTBSBXVTEAMEQO-UHFFFAOYSA-N	ROHFNLRQFUQHCH-YFKPBYRVSA-N	0.42469410456062295	0.019321325358870656	0.04778493637535375	metabolite-metabolite
QTBSBXVTEAMEQO-UHFFFAOYSA-N	XBDQKXXYIPTUBI-UHFFFAOYSA-N	0.5025583982202448	0.0046511706723531	0.014646854229086514	metabolite-metabolite
RFDAIACWWDREDC-FRVQLJSFSA-N	RUDATBOHQWOJDD-BSWAIDMHSA-N	0.8175750834260289	3.492236322344411e-08	4.595028024745318e-07	metabolite-metabolite
RFDAIACWWDREDC-FRVQLJSFSA-N	WBWWGRHZICKQGZ-HZAMXZRMSA-N	0.8812013348164625	1.3025269751665292e-10	3.1446760750952762e-09	metabolite-metabolite
RFDAIACWWDREDC-FRVQLJSFSA-N	WHUUTDBJXJRKMK-VKHMYHEASA-N	0.4464961067853168	0.013385140351714231	0.03492075210112766	metabolite-metabolite
RFDAIACWWDREDC-FRVQLJSFSA-N	WVULKSPCQVQLCU-BUXLTGKBSA-N	0.6631813125695216	6.49618018000453e-05	0.00037285622844596134	metabolite-metabolite
RFDAIACWWDREDC-FRVQLJSFSA-N	XBDQKXXYIPTUBI-UHFFFAOYSA-N	0.5003337041156843	0.004866855276240312	0.015262859536415707	metabolite-metabolite
RFDAIACWWDREDC-FRVQLJSFSA-N	XOAAWQZATWQOTB-UHFFFAOYSA-N	0.7739710789766407	5.24897709741623e-07	4.724079388118696e-06	metabolite-metabolite
RFDAIACWWDREDC-FRVQLJSFSA-N	ZDXPYRJPNDTMRX-VKHMYHEASA-N	0.5221357063403782	0.00308027959120194	0.010296934633446941	metabolite-metabolite
RUDATBOHQWOJDD-BSWAIDMHSA-N	WBWWGRHZICKQGZ-HZAMXZRMSA-N	0.8233592880978864	2.31066037414962e-08	3.2845929176517075e-07	metabolite-metabolite
RUDATBOHQWOJDD-BSWAIDMHSA-N	WHUUTDBJXJRKMK-VKHMYHEASA-N	0.47675194660734155	0.007730195604015222	0.02214242469624761	metabolite-metabolite
RUDATBOHQWOJDD-BSWAIDMHSA-N	XBDQKXXYIPTUBI-UHFFFAOYSA-N	0.5234705228031147	0.0029922739069236926	0.010136411163542913	metabolite-metabolite
RUDATBOHQWOJDD-BSWAIDMHSA-N	XOAAWQZATWQOTB-UHFFFAOYSA-N	0.7152391546162402	8.92031275556704e-06	5.924801616208342e-05	metabolite-metabolite
RUDATBOHQWOJDD-BSWAIDMHSA-N	ZDXPYRJPNDTMRX-VKHMYHEASA-N	0.6849833147942159	2.969430570542997e-05	0.00017994039433455455	metabolite-metabolite
WBWWGRHZICKQGZ-HZAMXZRMSA-N	XBDQKXXYIPTUBI-UHFFFAOYSA-N	0.5078976640711899	0.004166608031765939	0.013398331535551922	metabolite-metabolite
WBWWGRHZICKQGZ-HZAMXZRMSA-N	XOAAWQZATWQOTB-UHFFFAOYSA-N	0.738820912124583	3.128235696259196e-06	2.3671873105701735e-05	metabolite-metabolite
WBWWGRHZICKQGZ-HZAMXZRMSA-N	ZDXPYRJPNDTMRX-VKHMYHEASA-N	0.5755283648498333	0.000876251883851431	0.0037543073671497673	metabolite-metabolite
WHUUTDBJXJRKMK-VKHMYHEASA-N	XBDQKXXYIPTUBI-UHFFFAOYSA-N	0.5612903225806454	0.001250769824735265	0.005019580220111397	metabolite-metabolite
WHUUTDBJXJRKMK-VKHMYHEASA-N	XOAAWQZATWQOTB-UHFFFAOYSA-N	0.5688542825361513	0.0010373837232275918	0.00425299364697862	metabolite-metabolite
WHUUTDBJXJRKMK-VKHMYHEASA-N	ZDXPYRJPNDTMRX-VKHMYHEASA-N	0.7770856507230257	4.4137551880041315e-07	4.0199530775275605e-06	metabolite-metabolite
XBDQKXXYIPTUBI-UHFFFAOYSA-N	XOAAWQZATWQOTB-UHFFFAOYSA-N	0.5488320355951055	0.0016860241424669908	0.006363381440923188	metabolite-metabolite
XBDQKXXYIPTUBI-UHFFFAOYSA-N	ZDXPYRJPNDTMRX-VKHMYHEASA-N	0.48075639599555053	0.007162067046561749	0.020908836809636178	metabolite-metabolite
XOAAWQZATWQOTB-UHFFFAOYSA-N	ZDXPYRJPNDTMRX-VKHMYHEASA-N	0.7521690767519464	1.6439666081780047e-06	1.3516071409647168e-05	metabolite-metabolite
QTBSBXVTEAMEQO-UHFFFAOYSA-N	d__Bacteria;p__Firmicutes;c__Bacilli;o__Lactobacillales;f__Enterococcaceae;g__Enterococcus	0.6268403163564078	0.0002101467982635	0.0131131602116438	metabolite-genera
XBDQKXXYIPTUBI-UHFFFAOYSA-N	d__Bacteria;p__Proteobacteria;c__Gammaproteobacteria;o__Enterobacterales;f__Hafniaceae;g__Hafnia-Obesumbacterium	0.5966596127126091	0.0005010608849524	0.02431815494969	metabolite-genera
FERIUCNNQQJTOY-UHFFFAOYSA-N	d__Bacteria;p__Firmicutes;c__Bacilli;o__Lactobacillales;f__Enterococcaceae;g__Enterococcus	0.6092299376252002	0.00035264700725	0.0197117534468903	metabolite-genera
GWYFCOCPABKNJV-UHFFFAOYSA-N	d__Bacteria;p__Bacteroidota;c__Bacteroidia;o__Bacteroidales;f__Bacteroidaceae;g__Bacteroides	0.578484818353251	0.0008121820777953	0.0347805030961787	metabolite-genera
GWYFCOCPABKNJV-UHFFFAOYSA-N	d__Bacteria;p__Firmicutes;c__Clostridia;o__Oscillospirales;f__Oscillospiraceae;g__Colidextribacter	0.6045893703565909	0.0004021591407017	0.0209276068706773	metabolite-genera
DKPMWHFRUGMUKF-GDYCBZMLSA-N	d__Bacteria;p__Firmicutes;c__Clostridia;o__Clostridiales;f__Clostridiaceae;g__Clostridium_sensu_stricto_1	0.7075589368560715	1.2275970419461344e-05	0.0014894844108946	metabolite-genera
DKPMWHFRUGMUKF-GDYCBZMLSA-N	d__Bacteria;p__Proteobacteria;c__Gammaproteobacteria;o__Enterobacterales;f__Enterobacteriaceae;g__Escherichia-Shigella	0.575083426028921	0.0008862675256199	0.037174360829456	metabolite-genera
DKPMWHFRUGMUKF-GDYCBZMLSA-N	d__Bacteria;p__Proteobacteria;c__Gammaproteobacteria;o__Enterobacterales;f__Hafniaceae;g__Hafnia-Obesumbacterium	0.7708245313916909	6.236311362405827e-07	0.0002724020803098	metabolite-genera
DKPMWHFRUGMUKF-GDYCBZMLSA-N	d__Bacteria;p__Firmicutes;c__Negativicutes;o__Veillonellales-Selenomonadales;f__Veillonellaceae;g__Allisonella	0.6248331262836216	0.0002232709421482	0.0135451038236615	metabolite-genera
DKPMWHFRUGMUKF-GDYCBZMLSA-N	d__Bacteria;p__Firmicutes;c__Bacilli;o__Lactobacillales;f__Streptococcaceae;g__Streptococcus	0.603724461841934	0.0004120362158604	0.0209276068706773	metabolite-genera
BHQCQFFYRZLCQQ-OELDTZBJSA-N	d__Bacteria;p__Firmicutes;c__Clostridia;o__Clostridiales;f__Clostridiaceae;g__Clostridium_sensu_stricto_1	0.7206948642552246	7.065527132151375e-06	0.0011870085582014	metabolite-genera
BHQCQFFYRZLCQQ-OELDTZBJSA-N	d__Bacteria;p__Proteobacteria;c__Gammaproteobacteria;o__Enterobacterales;f__Hafniaceae;g__Hafnia-Obesumbacterium	0.6984414130148348	1.7706902518461793e-05	0.0020353618473852	metabolite-genera
DKPMWHFRUGMUKF-KWXDGCAGSA-N	d__Bacteria;p__Proteobacteria;c__Gammaproteobacteria;o__Enterobacterales;f__Enterobacteriaceae;g__Escherichia-Shigella	0.5946607341490544	0.0005291407010619	0.0251226802417239	metabolite-genera
DKPMWHFRUGMUKF-KWXDGCAGSA-N	d__Bacteria;p__Actinobacteriota;c__Coriobacteriia;o__Coriobacteriales;f__Coriobacteriaceae;g__Collinsella	0.5719688542825361	0.0009592261667029	0.038795369408874	metabolite-genera
RUDATBOHQWOJDD-BSWAIDMHSA-N	d__Bacteria;p__Firmicutes;c__Clostridia;o__Clostridiales;f__Clostridiaceae;g__Clostridium_sensu_stricto_1	0.6732719399159094	4.5579593114261845e-05	0.0036868826430202	metabolite-genera
RUDATBOHQWOJDD-BSWAIDMHSA-N	d__Bacteria;p__Proteobacteria;c__Gammaproteobacteria;o__Enterobacterales;f__Hafniaceae;g__Hafnia-Obesumbacterium	0.6481073060820054	0.0001076919322046	0.0078399726644992	metabolite-genera
KXGVEGMKQFWNSR-LLQZFEROSA-N	d__Bacteria;p__Proteobacteria;c__Gammaproteobacteria;o__Enterobacterales;f__Enterobacteriaceae;g__Escherichia-Shigella	0.6200222469410456	0.000257727356423	0.0148125406954693	metabolite-genera
KXGVEGMKQFWNSR-LLQZFEROSA-N	d__Bacteria;p__Actinobacteriota;c__Coriobacteriia;o__Coriobacteriales;f__Coriobacteriaceae;g__Collinsella	0.7125695216907675	9.978907188760363e-06	0.0012819960764854	metabolite-genera
KXGVEGMKQFWNSR-LLQZFEROSA-N	d__Bacteria;p__Firmicutes;c__Negativicutes;o__Veillonellales-Selenomonadales;f__Veillonellaceae;g__Allisonella	0.5605251585144027	0.0012743490789412	0.0488276910246953	metabolite-genera
RFDAIACWWDREDC-FRVQLJSFSA-N	d__Bacteria;p__Firmicutes;c__Clostridia;o__Clostridiales;f__Clostridiaceae;g__Clostridium_sensu_stricto_1	0.7284873635598068	5.016790829793465e-06	0.0010956671172268	metabolite-genera
RFDAIACWWDREDC-FRVQLJSFSA-N	d__Bacteria;p__Proteobacteria;c__Gammaproteobacteria;o__Enterobacterales;f__Enterobacteriaceae;g__Escherichia-Shigella	0.696551724137931	1.907184211499845e-05	0.0020826451589578	metabolite-genera
RFDAIACWWDREDC-FRVQLJSFSA-N	d__Bacteria;p__Proteobacteria;c__Gammaproteobacteria;o__Enterobacterales;f__Hafniaceae;g__Hafnia-Obesumbacterium	0.763697578197662	9.124915781638972e-07	0.0003321469344516	metabolite-genera
GHCZAUBVMUEKKP-GYPHWSFCSA-N	d__Bacteria;p__Firmicutes;c__Clostridia;o__Clostridiales;f__Clostridiaceae;g__Clostridium_sensu_stricto_1	0.7211582007190676	6.925311824520829e-06	0.0011870085582014	metabolite-genera
GHCZAUBVMUEKKP-GYPHWSFCSA-N	d__Bacteria;p__Proteobacteria;c__Gammaproteobacteria;o__Enterobacterales;f__Hafniaceae;g__Hafnia-Obesumbacterium	0.6868666452706429	2.7666790128721988e-05	0.0027465577109604	metabolite-genera
GHCZAUBVMUEKKP-GYPHWSFCSA-N	d__Bacteria;p__Firmicutes;c__Bacilli;o__Lactobacillales;f__Streptococcaceae;g__Streptococcus	0.5635602189657467	0.0011830441304703	0.0461387210883441	metabolite-genera
WVULKSPCQVQLCU-BUXLTGKBSA-N	d__Bacteria;p__Proteobacteria;c__Gammaproteobacteria;o__Enterobacterales;f__Enterobacteriaceae;g__Escherichia-Shigella	0.6315906562847609	0.0001817723591386	0.0120300252229931	metabolite-genera
XBSQTYHEGZTYJE-OETIFKLTSA-N	d__Bacteria;p__Actinobacteriota;c__Coriobacteriia;o__Coriobacteriales;f__Atopobiaceae;g__Libanicoccus	0.5792811875185092	0.0007956416381498	0.0347536267543835	metabolite-genera
WBWWGRHZICKQGZ-HZAMXZRMSA-N	d__Bacteria;p__Firmicutes;c__Clostridia;o__Clostridiales;f__Clostridiaceae;g__Clostridium_sensu_stricto_1	0.6701549401940765	5.0924365542341184e-05	0.0039721005123026	metabolite-genera
WBWWGRHZICKQGZ-HZAMXZRMSA-N	d__Bacteria;p__Proteobacteria;c__Gammaproteobacteria;o__Enterobacterales;f__Enterobacteriaceae;g__Escherichia-Shigella	0.6013348164627365	0.0004404461261122	0.0218621440779375	metabolite-genera
WBWWGRHZICKQGZ-HZAMXZRMSA-N	d__Bacteria;p__Proteobacteria;c__Gammaproteobacteria;o__Enterobacterales;f__Hafniaceae;g__Hafnia-Obesumbacterium	0.7583523633021403	1.2036733625963831e-06	0.0003563263599385	metabolite-genera
BHTRKEVKTKCXOH-BJLOMENOSA-N	d__Bacteria;p__Firmicutes;c__Clostridia;o__Clostridiales;f__Clostridiaceae;g__Clostridium_sensu_stricto_1	0.6746077969395521	4.344694297407493e-05	0.0036495432098222	metabolite-genera
BHTRKEVKTKCXOH-BJLOMENOSA-N	d__Bacteria;p__Proteobacteria;c__Gammaproteobacteria;o__Enterobacterales;f__Hafniaceae;g__Hafnia-Obesumbacterium	0.6516707826790199	9.579943592724548e-05	0.0072146885539691	metabolite-genera
BHTRKEVKTKCXOH-BJLOMENOSA-N	d__Bacteria;p__Firmicutes;c__Bacilli;o__Lactobacillales;f__Streptococcaceae;g__Streptococcus	0.603724461841934	0.0004120362158604	0.0209276068706773	metabolite-genera
QBYUNVOYXHFVKC-GBURMNQMSA-N	d__Bacteria;p__Firmicutes;c__Clostridia;o__Clostridiales;f__Clostridiaceae;g__Clostridium_sensu_stricto_1	0.827340783309365	1.7237734495301632e-08	3.113977676184854e-05	metabolite-genera
QBYUNVOYXHFVKC-GBURMNQMSA-N	d__Bacteria;p__Proteobacteria;c__Gammaproteobacteria;o__Enterobacterales;f__Hafniaceae;g__Hafnia-Obesumbacterium	0.6832966374775232	3.162214985606891e-05	0.0027625110114261	metabolite-genera
QBYUNVOYXHFVKC-GBURMNQMSA-N	d__Bacteria;p__Firmicutes;c__Bacilli;o__Lactobacillales;f__Streptococcaceae;g__Streptococcus	0.6084062246553316	0.0003610211254009	0.0197117534468903	metabolite-genera
AWDRATDZQPNJFN-VAYUFCLWSA-N	d__Bacteria;p__Firmicutes;c__Clostridia;o__Clostridiales;f__Clostridiaceae;g__Clostridium_sensu_stricto_1	0.7567630038935769	1.3052247616797742e-06	0.0003563263599385	metabolite-genera
AWDRATDZQPNJFN-VAYUFCLWSA-N	d__Bacteria;p__Proteobacteria;c__Gammaproteobacteria;o__Enterobacterales;f__Enterobacteriaceae;g__Escherichia-Shigella	0.5652947719688542	0.0011334696988787	0.0450090513154779	metabolite-genera
AWDRATDZQPNJFN-VAYUFCLWSA-N	d__Bacteria;p__Proteobacteria;c__Gammaproteobacteria;o__Enterobacterales;f__Hafniaceae;g__Hafnia-Obesumbacterium	0.7737198561267652	5.322238969627364e-07	0.0002724020803098	metabolite-genera
AWDRATDZQPNJFN-VAYUFCLWSA-N	d__Bacteria;p__Firmicutes;c__Bacilli;o__Lactobacillales;f__Streptococcaceae;g__Streptococcus	0.589456232315389	0.0006088476060858	0.0271372075855397	metabolite-genera
HNDVDQJCIGZPNO-YFKPBYRVSA-N	d__Bacteria;p__Firmicutes;c__Clostridia;o__Clostridiales;f__Clostridiaceae;g__Clostridium_sensu_stricto_1	0.7946122862301194	1.5771072751974258e-07	0.0001148134096343	metabolite-genera
XOAAWQZATWQOTB-UHFFFAOYSA-N	d__Bacteria;p__Firmicutes;c__Clostridia;o__Clostridiales;f__Clostridiaceae;g__Clostridium_sensu_stricto_1	0.8204388553538778	2.8516279085941893e-08	3.113977676184854e-05	metabolite-genera
XOAAWQZATWQOTB-UHFFFAOYSA-N	d__Bacteria;p__Proteobacteria;c__Gammaproteobacteria;o__Enterobacterales;f__Hafniaceae;g__Hafnia-Obesumbacterium	0.7158133614252802	8.706303520924671e-06	0.0012805397788394	metabolite-genera
MTCFGRXMJLQNBG-REOHCLBHSA-N	d__Bacteria;p__Firmicutes;c__Clostridia;o__Clostridiales;f__Clostridiaceae;g__Clostridium_sensu_stricto_1	-0.5897808759382421	0.0006035838183247	0.0271372075855397	metabolite-genera
MTCFGRXMJLQNBG-REOHCLBHSA-N	d__Bacteria;p__Bacteroidota;c__Bacteroidia;o__Bacteroidales;f__Rikenellaceae;g__Alistipes	0.6840471778558455	3.075085674624202e-05	0.0027625110114261	metabolite-genera
ZDXPYRJPNDTMRX-VKHMYHEASA-N	d__Bacteria;p__Firmicutes;c__Clostridia;o__Clostridiales;f__Clostridiaceae;g__Clostridium_sensu_stricto_1	0.6839587961050508	3.085232749482495e-05	0.0027625110114261	metabolite-genera
ODKSFYDXXFIFQN-BYPYZUCNSA-N	d__Bacteria;p__Fusobacteriota;c__Fusobacteriia;o__Fusobacteriales;f__Fusobacteriaceae;g__Fusobacterium	0.6224672954163427	0.0002396685855823	0.0141469240786995	metabolite-genera
BTCSSZJGUNDROE-UHFFFAOYSA-N	d__Bacteria;p__Firmicutes;c__Clostridia;o__Clostridiales;f__Clostridiaceae;g__Clostridium_sensu_stricto_1	0.7494157902635421	1.8833452638650845e-06	0.0004570251173645	metabolite-genera
BTCSSZJGUNDROE-UHFFFAOYSA-N	d__Bacteria;p__Bacteroidota;c__Bacteroidia;o__Bacteroidales;f__Rikenellaceae;g__Alistipes	-0.590241359654767	0.0005961861051304	0.0271372075855397	metabolite-genera
BTCSSZJGUNDROE-UHFFFAOYSA-N	d__Bacteria;p__Proteobacteria;c__Gammaproteobacteria;o__Enterobacterales;f__Hafniaceae;g__Hafnia-Obesumbacterium	0.5743878839812687	0.0009021250567587	0.037174360829456	metabolite-genera
KDXKERNSBIXSRK-YFKPBYRVSA-N	d__Bacteria;p__Firmicutes;c__Clostridia;o__Lachnospirales;f__Lachnospiraceae;g__[Ruminococcus]_gnavus_group	0.6461949425668223	0.0001146014758121	0.0080738588120587	metabolite-genera
KZSNJWFQEVHDMF-BYPYZUCNSA-N	d__Bacteria;p__Fusobacteriota;c__Fusobacteriia;o__Fusobacteriales;f__Fusobacteriaceae;g__Fusobacterium	0.7233665783025098	6.290889427313445e-06	0.0011870085582014	metabolite-genera
ROHFNLRQFUQHCH-YFKPBYRVSA-N	d__Bacteria;p__Fusobacteriota;c__Fusobacteriia;o__Fusobacteriales;f__Fusobacteriaceae;g__Fusobacterium	0.6349773719048194	0.0001636736767128	0.0111707284356497	metabolite-genera
COLNVLDHVKWLRT-QMMMGPOBSA-N	d__Bacteria;p__Fusobacteriota;c__Fusobacteriia;o__Fusobacteriales;f__Fusobacteriaceae;g__Fusobacterium	0.6933097952705497	2.1635177795602035e-05	0.0022500584907426	metabolite-genera
QIVBCDIJIAJPQS-VIFPVBQESA-N	d__Bacteria;p__Firmicutes;c__Clostridia;o__Clostridiales;f__Clostridiaceae;g__Clostridium_sensu_stricto_1	0.7155740789979276	8.794916063457667e-06	0.0012805397788394	metabolite-genera
QIVBCDIJIAJPQS-VIFPVBQESA-N	d__Bacteria;p__Firmicutes;c__Bacilli;o__Lactobacillales;f__Streptococcaceae;g__Streptococcus	0.6295856278587967	0.0001933049228799	0.0124169985755798	metabolite-genera
WHUUTDBJXJRKMK-VKHMYHEASA-N	d__Bacteria;p__Firmicutes;c__Clostridia;o__Clostridiales;f__Clostridiaceae;g__Clostridium_sensu_stricto_1	0.7126797221133685	9.93306362032647e-06	0.0012819960764854	metabolite-genera
